iteration,kind,M1_AICc,M3_AICc,delta_AICc_M1_minus_M3,M1_SSE,M3_SSE,M3_surround_amplitude,M3_surround_sigma_px,M3_status
0,phase63_full_pipeline_null,-308.92568384120955,-295.7224719529393,-13.203211888270232,9.88299796198786e-09,1.3536279664017375e-08,0.0001606642812901518,1.0,AT_BOUND
1,phase63_full_pipeline_null,-305.8697042879764,-296.17673366693134,-9.692970621045049,1.2116254199141233e-08,1.3132490482829587e-08,0.0007200578330782241,7.0,SURROUND_POORLY_IDENTIFIED
2,phase63_full_pipeline_null,-297.9962423750588,-325.7548285809066,27.75858620584779,2.0479929018194396e-08,1.8279888160470787e-09,0.00016841563254777254,3.75,OK
3,phase63_full_pipeline_null,-304.03066554944047,-295.8905781144346,-8.140087435005853,1.3696638749293115e-08,1.338542443173274e-08,5.0205582294492915e-05,1.25,AT_BOUND
4,phase63_full_pipeline_null,-309.13588313174614,-301.45335441985634,-7.682528711889802,9.745470540740728e-09,9.237900417409547e-09,5.497287859904732e-05,1.0,AT_BOUND
5,phase63_full_pipeline_null,-323.0367275276639,-314.55298928249266,-8.483738245171253,3.857732815487605e-09,3.85744729218533e-09,3.990862779035655e-06,2.0,OK
6,phase63_full_pipeline_null,-318.5440116197631,-310.0591631349146,-8.484848484848499,5.20486648934832e-09,5.20486648934832e-09,7.384770976284272e-22,1.75,SURROUND_POORLY_IDENTIFIED
7,phase63_full_pipeline_null,-310.51764156172806,-318.8867590186425,8.369117456914466,8.887851892860059e-09,2.889512084643324e-09,0.0013195364134712415,3.0,OK
8,phase63_full_pipeline_null,-304.8672849459371,-316.4469667953174,11.579681849380279,1.2953627043786855e-08,3.3998811458778286e-09,0.0017736347535864568,4.0,OK
9,phase63_full_pipeline_null,-320.07525421698614,-311.59040573213764,-8.484848484848499,4.6997589090882855e-09,4.699758909088284e-09,8.955401431558597e-25,4.75,SURROUND_POORLY_IDENTIFIED
10,phase63_full_pipeline_null,-326.5821910127403,-335.88237616951886,9.300185156778582,3.045653295396053e-09,9.305741810545888e-10,0.0005073345144545122,2.25,OK
11,phase63_full_pipeline_null,-289.9389879649679,-280.68330368004075,-9.255684284927156,3.5043692085801685e-08,3.689162946702359e-08,2.4683400350827367e-19,6.0,SURROUND_POORLY_IDENTIFIED
12,phase63_full_pipeline_null,-327.4529564585917,-323.90416076173193,-3.54879569685977,2.8738839148679594e-09,2.0680253390335936e-09,0.00041186205980251936,7.0,SURROUND_POORLY_IDENTIFIED
13,phase63_full_pipeline_null,-319.5364084499543,-313.05427579793013,-6.482132652024177,4.8716576672550105e-09,4.2627729414407075e-09,0.00035800567500705985,7.0,SURROUND_POORLY_IDENTIFIED
14,phase63_full_pipeline_null,-303.59919609038616,-315.3472656639576,11.748069573571456,1.4096338552976592e-08,3.6585023975318875e-09,0.0018579234650934913,2.75,OK
15,phase63_full_pipeline_null,-307.12358235681717,-298.63873387196867,-8.484848484848499,1.1144610325250613e-08,1.1144610325250613e-08,5.3642339606637066e-21,6.5,SURROUND_POORLY_IDENTIFIED
16,phase63_full_pipeline_null,-323.40066811459826,-318.34066622768967,-5.060001886908594,3.765260134225568e-09,2.996646544944975e-09,4.5065953035018785e-05,1.0,AT_BOUND
17,phase63_full_pipeline_null,-318.69534299939426,-310.21049451454576,-8.484848484848499,5.15261984262852e-09,5.1526198426285265e-09,6.1103382737447556e-18,6.5,SURROUND_POORLY_IDENTIFIED
18,phase63_full_pipeline_null,-298.57900604863147,-290.09415756378297,-8.484848484848499,1.969952300851969e-08,1.9699523008519684e-08,5.276831485465465e-24,4.75,SURROUND_POORLY_IDENTIFIED
19,phase63_full_pipeline_null,-311.8824257793773,-303.3975772945288,-8.484848484848499,8.11488292575874e-09,8.114882925758738e-09,2.0453171556367334e-22,5.75,SURROUND_POORLY_IDENTIFIED
20,phase63_full_pipeline_null,-284.2820090383436,-282.5206442473559,-1.7613647909876704,5.109709042302371e-08,3.263858934114778e-08,0.00199147013751098,7.0,SURROUND_POORLY_IDENTIFIED
21,phase63_full_pipeline_null,-329.8492063433933,-321.37980728712745,-8.469399056265843,2.4495746641956225e-09,2.4470529944416046e-09,3.337206453383053e-05,3.25,OK
22,phase63_full_pipeline_null,-313.6853204630583,-297.59694517380177,-16.088375289256533,7.195866723892039e-09,1.1946144400623828e-08,3.865432459044162e-05,1.0,AT_BOUND
23,phase63_full_pipeline_null,-317.68730558803145,-309.8648729999491,-7.822432588082336,5.51078888768693e-09,5.272721943019567e-09,0.0006792859961269667,7.0,SURROUND_POORLY_IDENTIFIED
24,phase63_full_pipeline_null,-350.24362605170865,-365.8922564478763,15.648630396167675,6.289436722774718e-10,1.2585659317899517e-10,3.645995364378764e-05,1.0,AT_BOUND
25,phase63_full_pipeline_null,-289.71285855863755,-281.3422629786124,-8.370595580025167,3.5575988217580936e-08,3.530604026756076e-08,0.00021225063978869631,1.0,AT_BOUND
26,phase63_full_pipeline_null,-303.48989252520266,-295.00504404035416,-8.484848484848499,1.4199432384899779e-08,1.4199432384899776e-08,6.412871179595067e-25,3.5,SURROUND_POORLY_IDENTIFIED
27,phase63_full_pipeline_null,-293.1933712415155,-284.708522756667,-8.484848484848499,2.820887777621539e-08,2.8208877776215396e-08,1.8532438786973597e-20,7.0,SURROUND_POORLY_IDENTIFIED
28,phase63_full_pipeline_null,-331.9906998080104,-323.669677607796,-8.321022200214372,2.1236751987138508e-09,2.100607145296679e-09,0.0001552084207775404,1.25,OK
29,phase63_full_pipeline_null,-315.7751640784416,-318.90234962277117,3.1271855443295635,6.260023176144362e-09,2.8865103622666194e-09,0.0008489673484624378,7.0,SURROUND_POORLY_IDENTIFIED
30,phase63_full_pipeline_null,-328.8352207767444,-320.350372282813,-8.484848493931395,2.6208886530326894e-09,2.6208886546197086e-09,9.747031712462124e-05,1.0,AT_BOUND
31,phase63_full_pipeline_null,-315.24460587474687,-311.1332887611256,-4.111317113621283,6.485406080775785e-09,4.845186201061039e-09,0.00010332868929169506,1.0,AT_BOUND
32,phase63_full_pipeline_null,-304.0306002518784,-296.9600834383304,-7.070516813548011,1.369669837323077e-08,1.246426850138816e-08,0.0005378923269728228,7.0,SURROUND_POORLY_IDENTIFIED
33,phase63_full_pipeline_null,-301.8618619375544,-293.7529736012923,-8.108888336262112,1.5827316876688677e-08,1.543555097086235e-08,0.0012288326407880383,7.0,SURROUND_POORLY_IDENTIFIED
34,phase63_full_pipeline_null,-314.2267103573765,-306.2817353306964,-7.944975026680083,6.940779828573811e-09,6.695412373915257e-09,0.00011933595440824244,1.25,OK
35,phase63_full_pipeline_null,-310.2484229908435,-301.763574505995,-8.484848484848499,9.048810324410483e-09,9.048810324410483e-09,1.463555956780245e-22,1.0,SURROUND_POORLY_IDENTIFIED
36,phase63_full_pipeline_null,-323.23720629388305,-314.75235780899357,-8.484848484889483,3.806516271189574e-09,3.806516271199965e-09,5.042874534609898e-18,5.0,SURROUND_POORLY_IDENTIFIED
37,phase63_full_pipeline_null,-319.84189832151355,-311.3682837611656,-8.473614560347926,4.773445022503615e-09,4.76987139280082e-09,9.991489976598828e-06,7.0,SURROUND_POORLY_IDENTIFIED
38,phase63_full_pipeline_null,-287.74655816766807,-278.06569625188973,-9.680861915778337,4.055899637414291e-08,4.392536059959629e-08,8.262142866754365e-05,1.0,AT_BOUND
39,phase63_full_pipeline_null,-287.87669572829736,-279.58374604581286,-8.292949682484505,4.0208635153624406e-08,3.9697512324694356e-08,0.0002488723589952356,1.0,AT_BOUND
40,phase63_full_pipeline_null,-328.67441446172205,-313.9475681163656,-14.726846345356478,2.649136828417231e-09,4.016323984284574e-09,4.4674298994568903e-05,1.0,AT_BOUND
41,phase63_full_pipeline_null,-323.8303103223866,-315.3454618375381,-8.484848484848499,3.6589423775383027e-09,3.6589423775383035e-09,1.3018931037486747e-20,5.75,SURROUND_POORLY_IDENTIFIED
42,phase63_full_pipeline_null,-304.4504168798521,-295.9655683950037,-8.484848484848442,1.3318672978856714e-08,1.3318672978856708e-08,1.1873117868038879e-20,6.5,SURROUND_POORLY_IDENTIFIED
43,phase63_full_pipeline_null,-299.398966139957,-290.9141176551085,-8.484848484848499,1.8651571711181243e-08,1.8651571711181243e-08,8.304453910331979e-21,6.75,SURROUND_POORLY_IDENTIFIED
44,phase63_full_pipeline_null,-314.6216132618629,-300.04179149189076,-14.579821769972114,6.760435257164012e-09,1.0149443003485406e-08,0.0001440459975327127,1.0,AT_BOUND
45,phase63_full_pipeline_null,-312.57284052048556,-304.08799203563706,-8.484848484848499,7.749839430935875e-09,7.749839430935875e-09,5.780003165479391e-22,1.25,SURROUND_POORLY_IDENTIFIED
46,phase63_full_pipeline_null,-309.088718292008,-302.03679570976044,-7.051922582247585,9.776161670610213e-09,8.885480555378792e-09,0.0004729319312144026,2.0,OK
47,phase63_full_pipeline_null,-314.7748468951955,-348.23303073081195,33.45818383561647,6.691725074574167e-09,4.0847259447682425e-10,0.0006176581415277074,3.0,OK
48,phase63_full_pipeline_null,-324.14369060315164,-305.7719546311832,-18.371735971968462,3.5832926740005123e-09,6.926869305955336e-09,6.329461452719132e-05,1.0,AT_BOUND
49,phase63_full_pipeline_null,-297.793198856913,-289.3083503720645,-8.484848484848499,2.0759034900459043e-08,2.075903490045904e-08,2.442802678492756e-20,1.0,SURROUND_POORLY_IDENTIFIED
50,phase63_full_pipeline_null,-324.1547563066446,-315.6699078217961,-8.484848484848499,3.5806502051956336e-09,3.5806502051956365e-09,1.2403981392149518e-19,1.25,SURROUND_POORLY_IDENTIFIED
51,phase63_full_pipeline_null,-336.4462630458942,-342.1389389575549,5.692675911660672,1.5779248896884306e-09,6.132039623589211e-10,6.527197528459345e-05,7.0,SURROUND_POORLY_IDENTIFIED
52,phase63_full_pipeline_null,-327.6754171952137,-323.0305792289017,-4.644837966312025,2.8315766582601334e-09,2.19204079187373e-09,0.00015722775755694924,1.0,AT_BOUND
53,phase63_full_pipeline_null,-313.62950284038175,-304.1970479656592,-9.432454874722566,7.222693685083875e-09,7.693699362029703e-09,6.568959031661162e-05,1.0,AT_BOUND
54,phase63_full_pipeline_null,-307.6827324870325,-289.6996068550435,-17.983125631989026,1.0736823982714416e-08,2.022456193778466e-08,0.00011776590989524458,1.0,AT_BOUND
55,phase63_full_pipeline_null,-307.04314199274717,-298.7075173971835,-8.335624595563672,1.1204535963774753e-08,1.1093622945298484e-08,0.00015279657994734795,7.0,SURROUND_POORLY_IDENTIFIED
56,phase63_full_pipeline_null,-289.04851126152846,-280.56366277667996,-8.484848484848499,3.718705592885136e-08,3.718705592885141e-08,1.1532971441128296e-17,4.75,SURROUND_POORLY_IDENTIFIED
57,phase63_full_pipeline_null,-286.5615102834854,-299.6976667620221,13.13615647853669,4.389326129423745e-08,1.0384979425341016e-08,0.0026558188631493535,7.0,SURROUND_POORLY_IDENTIFIED
58,phase63_full_pipeline_null,-311.42868490890504,-295.43304412923425,-15.995640779670794,8.3641035784715e-09,1.3800000820990593e-08,6.156966233857248e-05,1.0,AT_BOUND
59,phase63_full_pipeline_null,-305.8518506453227,-297.3670021604741,-8.484848484848612,1.2130684069814328e-08,1.2130684069814407e-08,1.2595328385126687e-18,1.0,SURROUND_POORLY_IDENTIFIED
60,phase63_full_pipeline_null,-332.2703745052148,-323.7855260202156,-8.48484848499919,2.0844461662057758e-09,2.084446166226709e-09,2.55465136891897e-18,4.5,SURROUND_POORLY_IDENTIFIED
61,phase63_full_pipeline_null,-326.74140126044165,-319.75271999336934,-6.988681267072309,3.0134976332693656e-09,2.7274222364136304e-09,0.0004103366330260034,7.0,SURROUND_POORLY_IDENTIFIED
62,phase63_full_pipeline_null,-302.80142680217836,-315.6188636131133,12.817436810934964,1.4866341616861156e-08,3.592855724539411e-09,0.0017082518985970002,7.0,SURROUND_POORLY_IDENTIFIED
63,phase63_full_pipeline_null,-314.7758856185184,-306.7375944813439,-8.038291137174497,6.691261700557911e-09,6.494995527492695e-09,5.047538369645966e-05,1.0,AT_BOUND
64,phase63_full_pipeline_null,-304.2869069341876,-295.8020584493391,-8.484848484848499,1.3464649520279363e-08,1.3464649520279363e-08,1.1336426116098805e-20,1.0,SURROUND_POORLY_IDENTIFIED
65,phase63_full_pipeline_null,-318.72107934127524,-311.3811639235224,-7.33991541775282,5.143786783426306e-09,4.765777369577802e-09,0.0006733145429925524,3.0,OK
66,phase63_full_pipeline_null,-321.65017238321576,-313.26959268113404,-8.380579702081718,4.231331280418646e-09,4.202020221917741e-09,0.000252251574687284,4.25,AT_BOUND
67,phase63_full_pipeline_null,-303.76724955123694,-295.2486846549835,-8.518564896253451,1.3939290711523984e-08,1.3970658142245318e-08,5.442041288874515e-05,1.0,AT_BOUND
68,phase63_full_pipeline_null,-311.8960007357677,-324.98700906551005,13.091008329742351,8.10754230242577e-09,1.923996094912455e-09,0.0003247896617406839,7.0,SURROUND_POORLY_IDENTIFIED
69,phase63_full_pipeline_null,-303.2925275812891,-294.8076790964406,-8.484848484848499,1.438749827052862e-08,1.438749827052862e-08,1.285319118459497e-21,6.5,SURROUND_POORLY_IDENTIFIED
70,phase63_full_pipeline_null,-302.73225811520365,-294.2474096303551,-8.484848484848555,1.493505227128353e-08,1.4935052271283657e-08,8.616690681295317e-19,5.25,SURROUND_POORLY_IDENTIFIED
71,phase63_full_pipeline_null,-305.9533878888079,-297.4685394039594,-8.484848484848499,1.2048846951349807e-08,1.2048846951349806e-08,2.5827868414211255e-21,2.75,SURROUND_POORLY_IDENTIFIED
72,phase63_full_pipeline_null,-294.3110050152488,-285.8261565304003,-8.484848484848499,2.6183457675065936e-08,2.6183457675065936e-08,4.647289381900148e-20,6.5,SURROUND_POORLY_IDENTIFIED
73,phase63_full_pipeline_null,-293.11063490321425,-309.2299399305428,16.11930502732855,2.8364900957192782e-08,5.500701327690063e-09,0.0026730893896879365,7.0,SURROUND_POORLY_IDENTIFIED
74,phase63_full_pipeline_null,-302.4586521144076,-293.9738036295591,-8.484848484848499,1.5209973311985068e-08,1.5209973311985068e-08,3.6382012513303394e-24,6.75,SURROUND_POORLY_IDENTIFIED
75,phase63_full_pipeline_null,-334.80613845130983,-329.64852174471383,-5.157616706596002,1.7602436949535945e-09,1.410066421353194e-09,0.0008813303450556595,3.75,OK
76,phase63_full_pipeline_null,-308.0069822764682,-299.5221337916197,-8.484848484848499,1.050722035990829e-08,1.0507220359908286e-08,7.093849234466481e-22,7.0,SURROUND_POORLY_IDENTIFIED
77,phase63_full_pipeline_null,-325.5521304445115,-317.4101424705176,-8.141987973993878,3.262148833540819e-09,3.1884304132235955e-09,1.3956693482697235e-05,1.0,AT_BOUND
78,phase63_full_pipeline_null,-309.9042826623327,-301.41943417748416,-8.484848484848555,9.25881417656783e-09,9.258814176567833e-09,1.2766670775237195e-18,4.5,SURROUND_POORLY_IDENTIFIED
79,phase63_full_pipeline_null,-299.6621955683258,-291.1773470834773,-8.484848484848499,1.8327117397700078e-08,1.8327117397700084e-08,5.26748614073768e-21,6.25,SURROUND_POORLY_IDENTIFIED
80,phase63_full_pipeline_null,-307.67085712437773,-304.9048851018307,-2.7659720225470323,1.0745327593622704e-08,7.339073340846841e-09,0.0011375076511763258,5.25,AT_BOUND
81,phase63_full_pipeline_null,-319.2081873175088,-326.7186726659928,7.510485348483996,4.979431218827106e-09,1.7142232842316007e-09,5.075890682564024e-05,2.5,AT_BOUND
82,phase63_full_pipeline_null,-295.70895509942994,-276.40516252934674,-19.303792570083203,2.3853504664324007e-08,4.906736214356216e-08,0.00012706508368581491,1.0,AT_BOUND
83,phase63_full_pipeline_null,-300.8359163493094,-292.7938443132881,-8.042072036021295,1.6947727193784095e-08,1.6454768375395168e-08,0.0003317592237780057,7.0,SURROUND_POORLY_IDENTIFIED
84,phase63_full_pipeline_null,-323.08775461765856,-336.4123737957693,13.324619178110765,3.8446318529513465e-09,8.982681390317049e-10,0.00011476376306498713,1.5,OK
85,phase63_full_pipeline_null,-322.4129257944274,-317.142079636752,-5.2708461576754075,4.021546135999503e-09,3.245922579695377e-09,0.0002874412889879712,6.5,OK
86,phase63_full_pipeline_null,-300.395444878942,-291.9105963940935,-8.484848484848499,1.745277218786025e-08,1.7452772187860245e-08,7.34178369838218e-21,4.75,SURROUND_POORLY_IDENTIFIED
87,phase63_full_pipeline_null,-305.1256584436199,-303.3244211903372,-1.801237253282693,1.2732412781520936e-08,8.154556473915083e-09,0.00012247627880466422,1.5,OK
88,phase63_full_pipeline_null,-289.05257184218465,-280.56772335733615,-8.484848484848499,3.71769905552905e-08,3.71769905552905e-08,1.8191024332043485e-22,4.75,SURROUND_POORLY_IDENTIFIED
89,phase63_full_pipeline_null,-299.1933914438116,-294.16583410234966,-5.027557341461943,1.8908950782601095e-08,1.5016495848969757e-08,0.000470675386093741,1.0,AT_BOUND
90,phase63_full_pipeline_null,-334.498747510874,-328.0257852625021,-6.472962248371914,1.796688039251156e-09,1.5711679229480666e-09,3.155865961959187e-05,7.0,SURROUND_POORLY_IDENTIFIED
91,phase63_full_pipeline_null,-306.830827381749,-304.6534632040937,-2.1773641776552495,1.1364256107507512e-08,7.463123651854358e-09,0.001283923731652082,7.0,SURROUND_POORLY_IDENTIFIED
92,phase63_full_pipeline_null,-291.6677599203728,-282.64160367577574,-9.026156244597075,3.122890675908981e-08,3.237645135627894e-08,5.4020660277226525e-05,1.0,AT_BOUND
93,phase63_full_pipeline_null,-314.9186515513467,-316.8650038053842,1.9463522540374925,6.627878197965355e-09,3.3064375466881207e-09,0.0010351188197263248,7.0,SURROUND_POORLY_IDENTIFIED
94,phase63_full_pipeline_null,-291.7071518082967,-303.6205422775087,11.913390469212004,3.114700331087303e-08,7.99515266985496e-09,0.00015422809040916398,3.75,AT_BOUND
95,phase63_full_pipeline_null,-304.8647588167198,-305.27631656746576,0.41155775074594203,1.295580872987209e-08,7.159574050909148e-09,0.001104575361390228,7.0,SURROUND_POORLY_IDENTIFIED
96,phase63_full_pipeline_null,-324.8841381446009,-330.81666112038823,5.932522975787322,3.410704777710703e-09,1.3044230715337212e-09,0.0003743518328973023,2.5,OK
97,phase63_full_pipeline_null,-319.3355895756014,-310.85074107844105,-8.484848497160328,4.937317598920012e-09,4.9373176029725e-09,0.0001559229012790103,1.0,AT_BOUND
98,phase63_full_pipeline_null,-317.53076773905445,-309.04584802158615,-8.484919717468301,5.568599818889709e-09,5.5686262633494106e-09,1.9065264068860335e-09,5.5,SURROUND_POORLY_IDENTIFIED
99,phase63_full_pipeline_null,-319.2162649904405,-314.28284609264284,-4.933418897797651,4.976750459583663e-09,3.9275475084284015e-09,0.0003286048609007966,1.75,OK
100,phase63_full_pipeline_null,-323.0572844723064,-314.91976712606254,-8.13751734624384,3.852449556574322e-09,3.764269374565526e-09,0.00023113688810399226,7.0,SURROUND_POORLY_IDENTIFIED
101,phase63_full_pipeline_null,-294.3059529793204,-285.2741458851157,-9.031807094204737,2.6192277811564345e-08,2.7164977034527946e-08,5.670261650955086e-05,1.0,AT_BOUND
102,phase63_full_pipeline_null,-316.90586718761784,-316.7916372073742,-0.11422998024363551,5.80548801746787e-09,3.32264929936235e-09,7.391030003688615e-05,2.25,AT_BOUND
103,phase63_full_pipeline_null,-332.8454061464579,-324.3992958225509,-8.446110323906964,2.0060502709039106e-09,2.0008762416421467e-09,0.00023174108240822872,7.0,SURROUND_POORLY_IDENTIFIED
104,phase63_full_pipeline_null,-305.75556361986463,-309.18929629790995,3.433732678045317,1.220880302870133e-08,5.515626104062151e-09,0.00023245485440867586,7.0,SURROUND_POORLY_IDENTIFIED
105,phase63_full_pipeline_null,-300.78619626732626,-293.8103275840093,-6.975868683316946,1.7003996558545695e-08,1.5376644305451438e-08,0.0005852792886312008,7.0,SURROUND_POORLY_IDENTIFIED
106,phase63_full_pipeline_null,-325.2151971025776,-319.75393611998635,-5.461260982591227,3.3362531050014132e-09,2.727201119325465e-09,7.801418959218227e-05,1.0,AT_BOUND
107,phase63_full_pipeline_null,-304.1140195237579,-306.5045821440223,2.3905626202644044,1.3620738545757263e-08,6.596677527359369e-09,0.0013403202095741214,7.0,SURROUND_POORLY_IDENTIFIED
108,phase63_full_pipeline_null,-307.02522340489446,-305.5264641057436,-1.4987592991508336,1.121792859221616e-08,7.041167444135935e-09,0.0017393446291518897,7.0,SURROUND_POORLY_IDENTIFIED
109,phase63_full_pipeline_null,-313.99798346353845,-308.32671098735744,-5.671272476181002,7.047427065931779e-09,5.842103153970082e-09,0.0013067719305663995,4.5,OK
110,phase63_full_pipeline_null,-316.87494652636485,-312.69041494197785,-4.184531584387003,5.8174676624036794e-09,4.367441044008563e-09,0.0007327952788794849,2.75,OK
111,phase63_full_pipeline_null,-322.80608936466075,-314.32124087981225,-8.484848484848499,3.917507207039166e-09,3.9175072070391656e-09,1.1994053045182273e-22,3.5,SURROUND_POORLY_IDENTIFIED
112,phase63_full_pipeline_null,-312.3536303635435,-304.5604040939125,-7.79322626963102,7.86392727547697e-09,7.509568349375836e-09,5.173670398152364e-05,1.25,OK
113,phase63_full_pipeline_null,-301.32844275813767,-292.84359427328917,-8.484848484848499,1.6400283840887408e-08,1.640028384088741e-08,3.394863356209194e-23,2.5,SURROUND_POORLY_IDENTIFIED
114,phase63_full_pipeline_null,-314.3366048355976,-323.5914840001494,9.254879164551824,6.89011542129596e-09,2.1115860063891804e-09,0.0001452690303627698,7.0,SURROUND_POORLY_IDENTIFIED
115,phase63_full_pipeline_null,-293.18160036830625,-284.69675188345775,-8.484848484848499,2.823102267214961e-08,2.823102267214961e-08,4.723572882718583e-24,7.0,SURROUND_POORLY_IDENTIFIED
116,phase63_full_pipeline_null,-306.10638027437125,-299.3593914832862,-6.746988791085073,1.1926579422109487e-08,1.0621838965167012e-08,0.0008108417498623385,7.0,SURROUND_POORLY_IDENTIFIED
117,phase63_full_pipeline_null,-309.9758353824922,-306.33680558295924,-3.6390297995329774,9.214753127063061e-09,6.67087623861807e-09,8.19865431373593e-05,1.0,AT_BOUND
118,phase63_full_pipeline_null,-319.60578417965434,-311.12093569480584,-8.484848484848499,4.849178038314674e-09,4.849178038314672e-09,1.184879863347423e-23,6.75,SURROUND_POORLY_IDENTIFIED
119,phase63_full_pipeline_null,-302.28694620599526,-293.80209772114677,-8.484848484848499,1.538508313184721e-08,1.5385083131847215e-08,1.224857385560699e-22,7.0,SURROUND_POORLY_IDENTIFIED
120,phase63_full_pipeline_null,-310.8925779276074,-304.3456794170788,-6.546898510528592,8.668446821600907e-09,7.617840768266599e-09,0.0005305215486198073,7.0,SURROUND_POORLY_IDENTIFIED
121,phase63_full_pipeline_null,-307.405849439622,-298.9210009547735,-8.484848484848499,1.0936854104304377e-08,1.0936854104304374e-08,4.543838814073028e-24,7.0,SURROUND_POORLY_IDENTIFIED
122,phase63_full_pipeline_null,-325.9219466357227,-318.11639911459685,-7.805547521125845,3.1827058043845027e-09,3.041786435148246e-09,0.00017222956966755887,7.0,SURROUND_POORLY_IDENTIFIED
123,phase63_full_pipeline_null,-305.47190584908884,-296.98705736424034,-8.484848484848499,1.2441874625442659e-08,1.2441874625442654e-08,5.552772979188977e-24,4.75,SURROUND_POORLY_IDENTIFIED
124,phase63_full_pipeline_null,-324.93949438355605,-316.8377924344193,-8.101701949136725,3.3981410554047687e-09,3.312441170513169e-09,0.00017648514639870622,7.0,SURROUND_POORLY_IDENTIFIED
125,phase63_full_pipeline_null,-307.8818640176312,-302.3939138583913,-5.487950159239915,1.0595229910799055e-08,8.676434476733695e-09,9.466509197380955e-05,2.5,AT_BOUND
126,phase63_full_pipeline_null,-308.20636898941353,-318.1530307000972,9.946661710683657,1.0368477841268139e-08,3.0343671342026052e-09,0.0016410491645579349,2.5,OK
127,phase63_full_pipeline_null,-318.6029117102652,-313.421047318342,-5.18186439192317,5.184468756017015e-09,4.1598060019870755e-09,0.0004644220661213361,7.0,SURROUND_POORLY_IDENTIFIED
128,phase63_full_pipeline_null,-304.3666844347913,-317.92263892149975,13.555954486708458,1.339322787762379e-08,3.0813331127925574e-09,0.00089981567400936,1.75,OK
129,phase63_full_pipeline_null,-300.3802092849462,-302.7244203280581,2.3442110431118977,1.747050808364263e-08,8.487350724708755e-09,0.0013751082094515528,7.0,SURROUND_POORLY_IDENTIFIED
130,phase63_full_pipeline_null,-336.42914455754504,-327.94429607268535,-8.484848484859697,1.5797266968893948e-09,1.5797266968905725e-09,2.5288486762422808e-18,5.0,SURROUND_POORLY_IDENTIFIED
131,phase63_full_pipeline_null,-294.0975970649319,-287.19390215062487,-6.903694914307039,2.6558637427016877e-08,2.390158521110745e-08,0.0002657969234312347,1.0,AT_BOUND
132,phase63_full_pipeline_null,-317.9107678036301,-309.6382966054347,-8.272471198195433,5.42930050760396e-09,5.352971460542043e-09,0.00014502922615252373,7.0,SURROUND_POORLY_IDENTIFIED
133,phase63_full_pipeline_null,-327.7186854107067,-312.3704307625486,-15.348254648158104,2.8234206092359897e-09,4.461609354532276e-09,0.00011003473650299276,1.0,AT_BOUND
134,phase63_full_pipeline_null,-336.4860220005235,-331.6085097190672,-4.877512281456347,1.5737479848397361e-09,1.2373487003793716e-09,3.7758357713377054e-05,1.0,AT_BOUND
135,phase63_full_pipeline_null,-298.07954420802923,-289.59469572318073,-8.484848484848499,2.036650986870319e-08,2.0366509868703195e-08,0.0002586038132599882,4.0,AT_BOUND
136,phase63_full_pipeline_null,-306.7267604590922,-298.6886837516817,-8.038076707410482,1.1443373116377073e-08,1.1107560584144618e-08,0.00021190336996105877,2.0,OK
137,phase63_full_pipeline_null,-312.58208116670096,-304.09723268182245,-8.484848484878512,7.745066666240675e-09,7.745066666256173e-09,0.00010743814086858685,2.0,AT_BOUND
138,phase63_full_pipeline_null,-307.55863068420496,-299.0222183609755,-8.536412323229456,1.0826023080395774e-08,1.0863302539713669e-08,4.740703839994829e-05,1.0,AT_BOUND
139,phase63_full_pipeline_null,-339.2056350175719,-331.98522355466883,-7.220411462903087,1.3127871748322247e-09,1.2066605763819872e-09,2.067762737777915e-05,4.5,OK
140,phase63_full_pipeline_null,-315.6317198019095,-307.14687131702425,-8.484848484885276,6.3201746301725344e-09,6.32017463018804e-09,0.00016066460028728787,1.25,AT_BOUND
141,phase63_full_pipeline_null,-281.0115314015075,-270.5351641916971,-10.476367209810405,6.354570426209403e-08,7.256823663339022e-08,8.757523996282e-20,6.0,SURROUND_POORLY_IDENTIFIED
142,phase63_full_pipeline_null,-308.6164834785019,-321.0646398030289,12.44815632452702,1.0088833929038707e-08,2.4990123822827094e-09,0.0008818016718297782,2.25,OK
143,phase63_full_pipeline_null,-299.1987228632728,-299.8156018025786,0.6168789393058205,1.8902231206954836e-08,1.0303649368439286e-08,0.0015841830483876588,7.0,SURROUND_POORLY_IDENTIFIED
144,phase63_full_pipeline_null,-307.7093310312741,-317.600010270359,9.890679239084932,1.0717801927150405e-08,3.148326081559502e-09,0.0013781367016364688,7.0,SURROUND_POORLY_IDENTIFIED
145,phase63_full_pipeline_null,-329.3660373716882,-320.8811888868397,-8.484848484848499,2.5297631147313843e-09,2.5297631147313848e-09,7.855388541769451e-24,7.0,SURROUND_POORLY_IDENTIFIED
146,phase63_full_pipeline_null,-320.98008007115175,-319.1704462344632,-1.8096338366885334,4.424642515994854e-09,2.835377762815949e-09,0.0006774760172372563,3.0,OK
147,phase63_full_pipeline_null,-325.99673741697717,-320.95235997554926,-5.044377441427912,3.1668761639773863e-09,2.5177884791212667e-09,0.0011717781806248003,3.5,OK
148,phase63_full_pipeline_null,-307.9033127919189,-299.90699584516614,-7.996316946752756,1.0580090424500584e-08,1.0241060758324374e-08,2.9930459305062686e-05,1.0,AT_BOUND
149,phase63_full_pipeline_null,-341.1032802130168,-335.128979113748,-5.974301099268757,1.1567829249528012e-09,9.78507317413753e-10,0.0002598046258875467,2.0,OK
150,phase63_full_pipeline_null,-301.3849179111666,-328.69861063179115,27.313692720624545,1.633865269865486e-08,1.5022503514056598e-09,0.0022145198017735766,7.0,SURROUND_POORLY_IDENTIFIED
151,phase63_full_pipeline_null,-331.6165266844625,-328.8461118904109,-2.7704147940515895,2.1773162642459466e-09,1.4875504902846717e-09,0.00020595835059352365,2.0,OK
152,phase63_full_pipeline_null,-308.5675751405003,-316.61245988146567,8.044884740965358,1.0121782822358068e-08,3.36257685612356e-09,8.118066239899364e-05,1.75,AT_BOUND
153,phase63_full_pipeline_null,-314.79188356905996,-306.3070350842114,-8.484848484848555,6.6841290732315704e-09,6.684129073231603e-09,7.14248228460577e-20,4.75,SURROUND_POORLY_IDENTIFIED
154,phase63_full_pipeline_null,-304.1869821987411,-295.7021337138926,-8.484848484848499,1.3554645718417865e-08,1.355464571841787e-08,2.7087903239124207e-22,6.5,SURROUND_POORLY_IDENTIFIED
155,phase63_full_pipeline_null,-312.9151210546945,-306.67320348260245,-6.241917572092063,7.575000536959009e-09,6.522936739926942e-09,0.00023613044655682353,1.25,OK
156,phase63_full_pipeline_null,-321.6871675366012,-313.77203779062944,-7.91512974597174,4.220908222473471e-09,4.063599162872589e-09,0.00014454767879951342,2.25,OK
157,phase63_full_pipeline_null,-307.3062548094567,-311.3392385853948,4.032983775938135,1.100971250948528e-08,4.779116457597125e-09,0.000165878730759093,7.0,SURROUND_POORLY_IDENTIFIED
158,phase63_full_pipeline_null,-335.1589767189976,-337.04595614584565,1.886979426848029,1.719321457142153e-09,8.611164940931659e-10,7.98900417520091e-05,2.25,AT_BOUND
159,phase63_full_pipeline_null,-306.20867845547883,-297.72382997062977,-8.484848484849067,1.1845518324274673e-08,1.1845518324275151e-08,5.891235242793201e-19,2.5,SURROUND_POORLY_IDENTIFIED
160,phase63_full_pipeline_null,-312.11829121252265,-303.63344272767415,-8.484848484848499,7.988279554582497e-09,7.9882795545825e-09,3.4805805315799394e-24,6.75,SURROUND_POORLY_IDENTIFIED
161,phase63_full_pipeline_null,-310.69297280215244,-309.4886741753457,-1.2042986268067466,8.784568820627637e-09,5.406633624259363e-09,0.0008432338419503575,7.0,SURROUND_POORLY_IDENTIFIED
162,phase63_full_pipeline_null,-307.0600811555829,-296.0969424010221,-10.963138754560816,1.119189007486509e-08,1.3202533815215987e-08,0.00016319938223744332,1.0,AT_BOUND
163,phase63_full_pipeline_null,-316.6831844456187,-308.4102964816859,-8.27288796393276,5.8923163948665525e-09,5.809639349409109e-09,3.0906923383548394e-05,1.0,AT_BOUND
164,phase63_full_pipeline_null,-300.3613708252296,-291.8765223403811,-8.484848484848499,1.7492463031521167e-08,1.7492463031521174e-08,8.626007448764897e-22,6.75,SURROUND_POORLY_IDENTIFIED
165,phase63_full_pipeline_null,-314.98163158072373,-322.28444916943175,7.302817588708024,6.600108272876838e-09,2.303834669682746e-09,0.0024742970688258446,4.0,OK
166,phase63_full_pipeline_null,-312.97700081835916,-304.49215233351066,-8.484848484848499,7.543815622157876e-09,7.543815622157874e-09,8.87933233898027e-05,1.5,AT_BOUND
167,phase63_full_pipeline_null,-333.7653409589545,-329.8113386406144,-3.9540023183400876,1.88671790630503e-09,1.394843678953566e-09,0.0004579033183721884,7.0,SURROUND_POORLY_IDENTIFIED
168,phase63_full_pipeline_null,-298.04477302264326,-289.55992453779464,-8.484848484848612,2.0413775809985464e-08,2.0413775809985587e-08,1.5160775003585513e-18,5.5,SURROUND_POORLY_IDENTIFIED
169,phase63_full_pipeline_null,-299.7126739301421,-313.3460599878973,13.633386057755217,1.826554619871177e-08,4.180653585206809e-09,0.002161535895403629,7.0,SURROUND_POORLY_IDENTIFIED
170,phase63_full_pipeline_null,-321.8105122303838,-313.32566374002505,-8.48484849035873,4.186342093387099e-09,4.186342094924945e-09,3.875199210441538e-12,4.25,SURROUND_POORLY_IDENTIFIED
171,phase63_full_pipeline_null,-308.93653870970644,-301.87598970833716,-7.0605490013692815,9.875848639582824e-09,8.981248882162247e-09,0.0005439636941199188,7.0,SURROUND_POORLY_IDENTIFIED
172,phase63_full_pipeline_null,-293.6301516688317,-285.1453031839832,-8.484848484848499,2.7399315956887533e-08,2.7399315956887533e-08,6.59232962907558e-20,6.5,SURROUND_POORLY_IDENTIFIED
173,phase63_full_pipeline_null,-322.82610772423465,-319.4243872501932,-3.40172047404144,3.912282556252275e-09,2.7877805485027454e-09,0.0006091591611405577,2.5,OK
174,phase63_full_pipeline_null,-320.25624292209625,-311.7713944372477,-8.484848484848555,4.643392762177061e-09,4.643392762177063e-09,7.927400812145207e-20,1.25,SURROUND_POORLY_IDENTIFIED
175,phase63_full_pipeline_null,-316.20769037741456,-314.29889237226786,-1.908798005146707,6.082092517115174e-09,3.923348253205584e-09,6.0525261680740845e-05,2.75,OK
176,phase63_full_pipeline_null,-318.30474565865035,-323.03486454296575,4.730118884315402,5.288555336851677e-09,2.191414642437265e-09,0.0001176280459611947,1.0,AT_BOUND
177,phase63_full_pipeline_null,-318.4496117358218,-334.5197744489591,16.07016271313728,5.237725697245401e-09,1.0190661108900268e-09,0.0009174980498652641,3.75,OK
178,phase63_full_pipeline_null,-314.36934756787997,-305.8844990830292,-8.484848484850772,6.875091744160373e-09,6.8750917441614315e-09,2.1983850057644395e-18,2.5,SURROUND_POORLY_IDENTIFIED
179,phase63_full_pipeline_null,-309.0395755570416,-297.2478774923257,-11.791698064715888,9.808242681667407e-09,1.222740520485287e-08,3.996284867173463e-05,1.0,AT_BOUND
180,phase63_full_pipeline_null,-319.7497955314781,-311.4761831313125,-8.273612400165632,4.802845031205188e-09,4.735683427616959e-09,0.00014657397227348397,3.0,AT_BOUND
181,phase63_full_pipeline_null,-290.8760321968758,-312.0749897144772,21.1989575176014,3.292150240410785e-08,4.5503566415031e-09,0.001119693750341683,1.5,OK
182,phase63_full_pipeline_null,-328.5115842569552,-322.254448173841,-6.257136083114176,2.678050779453635e-09,2.3084471029826736e-09,3.1250910256457775e-05,1.0,AT_BOUND
183,phase63_full_pipeline_null,-301.61546459753094,-293.1306161126824,-8.484848484848555,1.608945120768731e-08,1.608945120768732e-08,6.537344090325825e-22,7.0,SURROUND_POORLY_IDENTIFIED
184,phase63_full_pipeline_null,-318.5362605026339,-351.0815277381507,32.5452672355168,5.207556753026805e-09,3.378239910709678e-10,0.0010335635259578614,5.5,AT_BOUND
185,phase63_full_pipeline_null,-328.458452225497,-322.1453359030366,-6.3131163224604165,2.6875536182395192e-09,2.325300318786942e-09,0.00012736474644086106,1.75,OK
186,phase63_full_pipeline_null,-295.24913227722203,-309.4799418034673,14.230809526245253,2.4596053603467063e-08,5.409782056307579e-09,0.00029583439911653255,4.25,OK
187,phase63_full_pipeline_null,-312.5576607244412,-305.60069652345135,-6.95696420098983,7.757686132773232e-09,7.006407998808038e-09,0.0005423964763824093,2.75,OK
188,phase63_full_pipeline_null,-311.6836332611898,-303.19878477634126,-8.484848484848555,8.223143924530769e-09,8.223143924530812e-09,2.751607783535874e-17,6.25,SURROUND_POORLY_IDENTIFIED
189,phase63_full_pipeline_null,-318.4772775965105,-309.99242911148946,-8.484848485021018,5.228074187927484e-09,5.228074187987603e-09,2.387347991963059e-16,5.0,SURROUND_POORLY_IDENTIFIED
190,phase63_full_pipeline_null,-311.3389962030588,-330.1289491351261,18.789952932067308,8.414264432799642e-09,1.3656196995106666e-09,0.0004437607908036021,1.75,OK
191,phase63_full_pipeline_null,-308.1238290480878,-295.60752605431696,-12.516302993770864,1.0425689341547418e-08,1.3640407445175853e-08,9.570484077417639e-05,1.0,AT_BOUND
192,phase63_full_pipeline_null,-314.15135489277867,-308.64672091695724,-5.504633975821434,6.975735938764358e-09,5.718787834033145e-09,0.0008355842894205396,3.25,OK
193,phase63_full_pipeline_null,-311.35520640431713,-311.8804688797786,0.5252624754614885,8.405176216418226e-09,4.6097501967554885e-09,0.0013514078019554385,7.0,SURROUND_POORLY_IDENTIFIED
194,phase63_full_pipeline_null,-289.8985995121015,-300.0956648496925,10.197065337591027,3.513817659856601e-08,1.0113056080495535e-08,0.002385129014948106,7.0,SURROUND_POORLY_IDENTIFIED
195,phase63_full_pipeline_null,-291.66905854861716,-283.18421006376866,-8.484848484848499,3.122620322676382e-08,3.122620322676382e-08,1.1183901934371746e-23,7.0,SURROUND_POORLY_IDENTIFIED
196,phase63_full_pipeline_null,-305.35527055327026,-296.87042206842176,-8.484848484848499,1.2538995843334615e-08,1.2538995843334614e-08,2.349063692679887e-22,7.0,SURROUND_POORLY_IDENTIFIED
197,phase63_full_pipeline_null,-308.9550394617922,-300.4701909769429,-8.484848484849294,9.86367543974995e-09,9.863675439750436e-09,3.91412534761604e-18,3.5,SURROUND_POORLY_IDENTIFIED
198,phase63_full_pipeline_null,-326.197331986633,-318.64020764407906,-7.557124342553948,3.1248075381045283e-09,2.937398769213835e-09,0.00012410598587290534,3.25,AT_BOUND
199,phase63_full_pipeline_null,-321.19985010827037,-325.7045096457979,4.504659537527516,4.360288182336087e-09,1.8341312763965554e-09,0.0007292098598795256,7.0,SURROUND_POORLY_IDENTIFIED
200,phase63_full_pipeline_null,-326.26347388859506,-326.89635229538806,0.6328784067929973,3.111059157592888e-09,1.694037569409525e-09,0.0005461483231070205,7.0,SURROUND_POORLY_IDENTIFIED
201,phase63_full_pipeline_null,-304.5637594298077,-319.9918076955001,15.428048265692382,1.3218414085343969e-08,2.6842939895955023e-09,0.0006445279006494022,7.0,SURROUND_POORLY_IDENTIFIED
202,phase63_full_pipeline_null,-299.46241538249427,-290.914028443298,-8.548386939196291,1.8572843131047544e-08,1.8651682640876545e-08,1.5551361393985952e-05,1.0,AT_BOUND
203,phase63_full_pipeline_null,-295.7151413804077,-287.30793733815204,-8.407204042255671,2.3843669060513147e-08,2.3720566051294944e-08,1.0320272801959529e-05,2.0,AT_BOUND
204,phase63_full_pipeline_null,-301.7492749182728,-293.2644264334243,-8.484848484848499,1.594656052177999e-08,1.594656052177999e-08,6.901164456924251e-22,4.75,SURROUND_POORLY_IDENTIFIED
205,phase63_full_pipeline_null,-304.2832327163324,-307.68226496260473,3.399032246272327,1.3467948061293541e-08,6.098567633528982e-09,0.0005821387385144194,2.5,OK
206,phase63_full_pipeline_null,-308.8020383301906,-295.7951200568503,-13.006918273340318,9.964800538403623e-09,1.3470879162498106e-08,0.00011981321072020416,1.0,AT_BOUND
207,phase63_full_pipeline_null,-318.804489142003,-310.70157436605336,-8.102914775949614,5.115263346025294e-09,4.98666144058821e-09,0.0005839544100769429,7.0,SURROUND_POORLY_IDENTIFIED
208,phase63_full_pipeline_null,-306.44654523113013,-292.38458958774896,-14.061955643381168,1.165915619162759e-08,1.690989501476715e-08,0.0002030462023368308,1.0,AT_BOUND
209,phase63_full_pipeline_null,-319.02766674858896,-313.65967683214774,-5.367989916441218,5.0397192492683635e-09,4.0941527809218e-09,0.00047631110943105253,7.0,SURROUND_POORLY_IDENTIFIED
210,phase63_full_pipeline_null,-299.31507424514433,-295.41278691653616,-3.9022873286081676,1.8756178339593895e-08,1.3818650047658829e-08,0.0008603371762991056,2.25,OK
211,phase63_full_pipeline_null,-329.87679939207266,-317.7119903857042,-12.164809006368444,2.4450727240100924e-09,3.1249102659827302e-09,0.0001055502096435775,1.0,AT_BOUND
212,phase63_full_pipeline_null,-313.36363548359526,-313.4835526335345,0.11991714993922642,7.351853515072336e-09,4.142508068423993e-09,0.0008219219982034113,7.0,SURROUND_POORLY_IDENTIFIED
213,phase63_full_pipeline_null,-301.85595443851986,-333.73643098063184,31.88047654211198,1.583355142823961e-08,1.0736988197582224e-09,0.00019668467037685874,4.5,OK
214,phase63_full_pipeline_null,-309.02638799835313,-301.05360431118044,-7.972783687172694,9.816869591774184e-09,9.48740035144872e-09,2.9505431322560994e-05,1.0,AT_BOUND
215,phase63_full_pipeline_null,-296.6705973836848,-284.7252589180778,-11.945338465606994,2.2372257057003993e-08,2.8177421439311024e-08,0.0001753203669344735,1.0,AT_BOUND
216,phase63_full_pipeline_null,-320.8615303984232,-289.6674591993076,-31.194071199115626,4.459750395653967e-09,2.026795323576525e-08,0.00010852581855473862,1.0,AT_BOUND
217,phase63_full_pipeline_null,-301.02221505458726,-292.53748066259476,-8.484734391992504,1.6738539619683564e-08,1.6738412303648378e-08,5.1165086393847766e-05,1.5,OK
218,phase63_full_pipeline_null,-301.4415549272895,-286.55631631235934,-14.885238614930131,1.6277077517206406e-08,2.493944049886585e-08,8.13002588545966e-05,1.0,AT_BOUND
219,phase63_full_pipeline_null,-325.4759903821809,-316.9911418973322,-8.48484848484867,3.2787496117405106e-09,3.2787496117405454e-09,1.4200395536521698e-19,3.5,SURROUND_POORLY_IDENTIFIED
220,phase63_full_pipeline_null,-313.2100783968082,-335.52141402571215,22.31133562890392,7.427502013735927e-09,9.532392653226511e-10,0.0012284039720487148,7.0,SURROUND_POORLY_IDENTIFIED
221,phase63_full_pipeline_null,-317.548489582397,-309.0636410975485,-8.484848484848499,5.562024646884975e-09,5.562024646884975e-09,9.257257477948493e-23,1.25,SURROUND_POORLY_IDENTIFIED
222,phase63_full_pipeline_null,-318.5352374114999,-315.1168381074974,-3.4183993040024916,5.2079119521496185e-09,3.7151376120974686e-09,7.324175684338322e-05,3.25,AT_BOUND
223,phase63_full_pipeline_null,-303.1836559643862,-294.6988074795377,-8.484848484848499,1.44923041700146e-08,1.4492304170014591e-08,4.6982382863378364e-23,4.75,SURROUND_POORLY_IDENTIFIED
224,phase63_full_pipeline_null,-324.01599849732656,-320.3604244405698,-3.655574056756791,3.613926759185414e-09,2.6191328705847447e-09,3.426257629471961e-05,1.5,AT_BOUND
225,phase63_full_pipeline_null,-329.0509441378046,-321.7286395411239,-7.322304596680681,2.583465935903849e-09,2.3908021984881264e-09,0.0001243305558891607,1.5,OK
226,phase63_full_pipeline_null,-317.27607457989683,-330.5944516847228,13.31837710482597,5.663959394228367e-09,1.323890585332014e-09,0.0001715799574490864,3.75,OK
227,phase63_full_pipeline_null,-316.2515237633858,-299.6694727782591,-16.582050985126727,6.064345213304024e-09,1.0404517377432208e-08,0.00010546819728706402,1.0,AT_BOUND
228,phase63_full_pipeline_null,-309.171108758654,-300.68626027380554,-8.484848484848442,9.722611371577636e-09,9.722611371577631e-09,1.8775185554330744e-21,4.75,SURROUND_POORLY_IDENTIFIED
229,phase63_full_pipeline_null,-314.310100732345,-305.8252522474963,-8.484848484848726,6.902300605408178e-09,6.902300605408283e-09,2.8195177697086667e-17,5.5,SURROUND_POORLY_IDENTIFIED
230,phase63_full_pipeline_null,-313.24371240063084,-304.8100941344243,-8.433618266206565,7.410866229565432e-09,7.385598716316522e-09,6.830790922667028e-05,1.0,AT_BOUND
231,phase63_full_pipeline_null,-326.41231421569915,-318.00014318286003,-8.412171032839126,3.0803417384747935e-09,3.0654530773419507e-09,0.00015010386534358442,1.0,AT_BOUND
232,phase63_full_pipeline_null,-304.7787599484398,-329.4037476302383,24.624987681798473,1.3030301060255523e-08,1.4332650379030973e-09,0.0014817166987945083,7.0,SURROUND_POORLY_IDENTIFIED
233,phase63_full_pipeline_null,-289.80401913255616,-281.31917064770767,-8.484848484848499,3.536043537813364e-08,3.536043537813364e-08,9.335432087586382e-22,4.75,SURROUND_POORLY_IDENTIFIED
234,phase63_full_pipeline_null,-303.5531398108328,-300.1645843972664,-3.388555413566394,1.4139686728048623e-08,1.0066696847320516e-08,0.00010525166126861143,1.0,AT_BOUND
235,phase63_full_pipeline_null,-314.7424647031129,-306.61081523493976,-8.131649468173123,6.706186860884258e-09,6.550123544826539e-09,0.0005669040397307736,3.5,OK
236,phase63_full_pipeline_null,-312.3360148732866,-304.26128404078645,-8.074730832500165,7.873167829264655e-09,7.660822272099631e-09,0.0003181638252681217,2.25,OK
237,phase63_full_pipeline_null,-323.3991577325422,-315.02299268924907,-8.376165043293156,3.765639285403559e-09,3.738453715898436e-09,8.475469164139422e-06,1.0,AT_BOUND
238,phase63_full_pipeline_null,-292.4630922663471,-283.062037878866,-9.401054387481054,2.9616214786074296e-08,3.148157335086661e-08,9.346319924505452e-05,1.0,AT_BOUND
239,phase63_full_pipeline_null,-299.56412289366284,-291.07927440881434,-8.484848484848499,1.8447335936034372e-08,1.844733593603437e-08,2.1170517925378877e-24,6.5,SURROUND_POORLY_IDENTIFIED
240,phase63_full_pipeline_null,-300.77084444193434,-295.1031494863925,-5.667694955541833,1.7021408292831474e-08,1.4106865980642444e-08,0.0009191308643095318,7.0,SURROUND_POORLY_IDENTIFIED
241,phase63_full_pipeline_null,-313.4164779491573,-303.0199917201336,-10.396486229023708,7.3259997432991675e-09,8.321746474419129e-09,5.073819092847867e-05,1.0,AT_BOUND
242,phase63_full_pipeline_null,-305.0570712783149,-296.9398137929463,-8.117257485368555,1.2790764759758958e-08,1.248112297346212e-08,0.0005621480433485528,3.5,OK
243,phase63_full_pipeline_null,-307.0856226823642,-314.4161517293898,7.330529047025607,1.1172849093318358e-08,3.8927978664778545e-09,0.00012831766039514381,1.75,OK
244,phase63_full_pipeline_null,-317.1503363873413,-309.2638315661253,-7.886504821216022,5.711637347497631e-09,5.488286840224571e-09,2.4293383274170234e-05,1.0,AT_BOUND
245,phase63_full_pipeline_null,-304.5237913525113,-304.3405261363405,-0.1832652161708097,1.325368202392759e-08,7.620458342683972e-09,0.0010889322730599361,7.0,SURROUND_POORLY_IDENTIFIED
246,phase63_full_pipeline_null,-295.2982364821893,-286.8133879973408,-8.484848484848499,2.4515667274978714e-08,2.4515667274978707e-08,1.9226779363029437e-22,6.75,SURROUND_POORLY_IDENTIFIED
247,phase63_full_pipeline_null,-297.98932714125516,-286.09590495802945,-11.89342218322571,2.0489372761379637e-08,2.5716803126378025e-08,7.116738550493378e-05,1.0,AT_BOUND
248,phase63_full_pipeline_null,-325.880462170137,-325.70127114943347,-0.179191020703513,3.191520177378813e-09,1.834527307644575e-09,0.0008904520674142258,7.0,SURROUND_POORLY_IDENTIFIED
249,phase63_full_pipeline_null,-291.39478022979637,-294.9160955769923,3.521315347195923,3.180243345522811e-08,1.4283883710703476e-08,0.002138495440527964,7.0,SURROUND_POORLY_IDENTIFIED
250,phase63_full_pipeline_null,-306.51845405139863,-298.03360556655014,-8.484848484848499,1.1603396873502932e-08,1.1603396873502932e-08,2.1190712932383463e-20,6.0,SURROUND_POORLY_IDENTIFIED
251,phase63_full_pipeline_null,-345.1032963018205,-340.8094041340406,-4.293892167779859,8.860118732324463e-10,6.700372203815343e-10,0.0001882510426476704,1.5,OK
252,phase63_full_pipeline_null,-297.1917985677363,-288.70695008288783,-8.484848484848499,2.1608244278121067e-08,2.1608244278121067e-08,2.4577836595029115e-20,6.5,SURROUND_POORLY_IDENTIFIED
253,phase63_full_pipeline_null,-299.547387115334,-291.06253863048556,-8.484848484848442,1.846792945718378e-08,1.8467929457183778e-08,1.2880610929431395e-20,6.25,SURROUND_POORLY_IDENTIFIED
254,phase63_full_pipeline_null,-298.1437440646691,-303.24698469763956,5.103240632970483,2.0279527675373533e-08,8.196762673705365e-09,0.0015823803822935798,2.25,OK
255,phase63_full_pipeline_null,-303.77897815577035,-295.2941296709219,-8.484848484848442,1.3928395742956197e-08,1.3928395742956193e-08,2.2703038199026214e-22,4.75,SURROUND_POORLY_IDENTIFIED
256,phase63_full_pipeline_null,-308.56609564675136,-304.2517881150864,-4.3143075316649515,1.012278121255523e-08,7.665673580799645e-09,0.001525099155786796,7.0,SURROUND_POORLY_IDENTIFIED
257,phase63_full_pipeline_null,-310.4592994640859,-302.38437380225827,-8.074925661827649,8.922488269354574e-09,8.681954476714131e-09,4.8036382038708745e-05,1.0,AT_BOUND
258,phase63_full_pipeline_null,-299.38088319903085,-291.0388547982877,-8.342028400743175,1.8674070287766465e-08,1.8497111912353884e-08,1.3135309542932307e-05,1.75,AT_BOUND
259,phase63_full_pipeline_null,-318.56714171462437,-302.8944866071635,-15.672655107460855,5.196846737149141e-09,8.391666693436831e-09,4.697899052178204e-05,1.0,AT_BOUND
260,phase63_full_pipeline_null,-299.8321367156621,-301.9197576513217,2.0876209356595723,1.8120653737936572e-08,8.955081025236909e-09,0.0002765283427883958,2.0,OK
261,phase63_full_pipeline_null,-306.1202307536746,-297.08025641680916,-9.039974336865441,1.1915571915436646e-08,1.2364809557923386e-08,6.546830499567251e-05,1.0,AT_BOUND
262,phase63_full_pipeline_null,-306.1463458378299,-323.09189376366635,16.945547925836422,1.1894844886053983e-08,2.1830988160049225e-09,0.005491089354368104,4.0,OK
263,phase63_full_pipeline_null,-316.94043437461926,-308.45558588977076,-8.484848484848499,5.792124795019837e-09,5.792124795019837e-09,8.440780124687863e-24,6.75,SURROUND_POORLY_IDENTIFIED
264,phase63_full_pipeline_null,-305.33260659721185,-297.9367080543806,-7.395898542831276,1.2557955713303628e-08,1.1678595516701971e-08,0.0004909078970740962,7.0,SURROUND_POORLY_IDENTIFIED
265,phase63_full_pipeline_null,-327.0588093726883,-318.57396088783963,-8.48484848484867,2.950400334481118e-09,2.9504003344811477e-09,4.893563655773933e-18,7.0,SURROUND_POORLY_IDENTIFIED
266,phase63_full_pipeline_null,-308.18286356914274,-299.69801508429424,-8.484848484848499,1.0384738273499037e-08,1.0384738273499037e-08,4.930914859271864e-24,6.75,SURROUND_POORLY_IDENTIFIED
267,phase63_full_pipeline_null,-330.91274563276767,-323.93678957360896,-6.975956059158705,2.2819076545839923e-09,2.063531747507595e-09,0.00014689982404541565,2.25,OK
268,phase63_full_pipeline_null,-297.1960541978082,-288.71060099689134,-8.48545320091688,2.1602114701392432e-08,2.1602985595338563e-08,5.476772185045981e-05,1.0,AT_BOUND
269,phase63_full_pipeline_null,-282.9719610149148,-271.9886491232402,-10.983311891674646,5.5760408451719834e-08,6.58663914813035e-08,7.791294186772593e-23,4.25,SURROUND_POORLY_IDENTIFIED
270,phase63_full_pipeline_null,-311.4055300502222,-315.1639510642793,3.7584210140570917,8.377024858010288e-09,3.703487176706592e-09,0.0011204711077898197,7.0,SURROUND_POORLY_IDENTIFIED
271,phase63_full_pipeline_null,-321.4420171999092,-325.0853154533348,3.6432982534255984,4.290458824276623e-09,1.911427917217577e-09,7.92856466353733e-05,1.0,AT_BOUND
272,phase63_full_pipeline_null,-304.8633419815985,-302.6517368221689,-2.2116051594296096,1.295703253732451e-08,8.528576552393721e-09,0.0021715113662583137,3.75,OK
273,phase63_full_pipeline_null,-311.2138592885932,-302.7816674338087,-8.432191854784492,8.484753723635009e-09,8.45502070631799e-09,0.00014777762772636408,2.75,OK
274,phase63_full_pipeline_null,-330.8322489428644,-326.54091361946456,-4.291335323399835,2.2941863056660792e-09,1.73465871090984e-09,3.845079161807317e-05,1.0,AT_BOUND
275,phase63_full_pipeline_null,-288.937278512309,-280.4524300274605,-8.484848484848499,3.7463842147975326e-08,3.7463842147975326e-08,3.1607217440504745e-21,7.0,SURROUND_POORLY_IDENTIFIED
276,phase63_full_pipeline_null,-303.43137278466105,-294.94652429981255,-8.484848484848499,1.4254937058403415e-08,1.4254937058403414e-08,5.0759744418860476e-21,6.25,SURROUND_POORLY_IDENTIFIED
277,phase63_full_pipeline_null,-321.50493397818184,-328.415679280069,6.910745301887175,4.27250039039691e-09,1.5308548552059392e-09,8.511383963185891e-05,1.0,AT_BOUND
278,phase63_full_pipeline_null,-302.80998719427737,-293.91081227456345,-8.899174919713914,1.4857859923090909e-08,1.527398073695891e-08,6.83308733543657e-05,1.0,AT_BOUND
279,phase63_full_pipeline_null,-316.0493274035145,-320.68208921430374,4.632761810789248,6.14664455652833e-09,2.563565285679721e-09,0.0001811972211798965,1.5,OK
280,phase63_full_pipeline_null,-294.5792621322652,-296.16615282260335,1.586890690338123,2.5719360036242564e-08,1.3141757273290083e-08,0.0016271264629672188,7.0,SURROUND_POORLY_IDENTIFIED
281,phase63_full_pipeline_null,-300.50598728950666,-302.6451821178462,2.139194828339555,1.7324626850389578e-08,8.532304186625407e-09,0.00025879048838796533,1.25,OK
282,phase63_full_pipeline_null,-306.14505138809545,-297.66020290318437,-8.484848484911083,1.1895871415600016e-08,1.1895871415649607e-08,0.00022297556967609,3.5,AT_BOUND
283,phase63_full_pipeline_null,-300.5986167340828,-292.5137069904364,-8.084909743646392,1.7217971798422014e-08,1.676496223951025e-08,2.101640521700893e-05,1.75,AT_BOUND
284,phase63_full_pipeline_null,-297.3657796787183,-311.8750401744212,14.509260495702904,2.135906373882947e-08,4.6114188303939114e-09,0.00035245152020516035,7.0,SURROUND_POORLY_IDENTIFIED
285,phase63_full_pipeline_null,-323.2564466507117,-314.7715981658632,-8.484848484848499,3.8016368191830454e-09,3.801636819183047e-09,5.834289037269768e-24,6.75,SURROUND_POORLY_IDENTIFIED
286,phase63_full_pipeline_null,-300.13938349054433,-292.6181015610779,-7.521281929466454,1.7753261755116824e-08,1.6648689248808953e-08,0.0005339210989479506,7.0,SURROUND_POORLY_IDENTIFIED
287,phase63_full_pipeline_null,-312.96344090470046,-298.8619581668346,-14.101482737865865,7.55063827141063e-09,1.0979988431483413e-08,8.134915950852933e-05,1.0,AT_BOUND
288,phase63_full_pipeline_null,-322.52212866747925,-303.12477341481195,-19.397355252667296,3.992374825063628e-09,8.263817925145144e-09,0.00015343140761428351,1.0,AT_BOUND
289,phase63_full_pipeline_null,-312.3685343502015,-303.8836858653482,-8.48484848485333,7.856117564834045e-09,7.856117564836577e-09,1.3693325492112892e-18,5.0,SURROUND_POORLY_IDENTIFIED
290,phase63_full_pipeline_null,-326.4547877410275,-324.1280051206675,-2.3267826203599498,3.071631877387867e-09,2.037393413203441e-09,0.0013234396821709513,7.0,SURROUND_POORLY_IDENTIFIED
291,phase63_full_pipeline_null,-303.93753857823566,-317.244916847448,13.307378269212336,1.3781938363956054e-08,3.223745246780428e-09,0.0019977650776940884,7.0,SURROUND_POORLY_IDENTIFIED
292,phase63_full_pipeline_null,-328.4473705622658,-324.42445420772157,-4.022916354544236,2.68953985611736e-09,1.997523133376763e-09,4.276148956780847e-05,1.0,AT_BOUND
293,phase63_full_pipeline_null,-294.1444740872634,-283.4280707380811,-10.716403349182315,2.6475767661406762e-08,3.072265133599211e-08,7.352369148094184e-05,1.0,AT_BOUND
294,phase63_full_pipeline_null,-297.5842755058111,-289.0994270209626,-8.484848484848499,2.105019433614485e-08,2.105019433614485e-08,1.134858196210369e-20,7.0,SURROUND_POORLY_IDENTIFIED
295,phase63_full_pipeline_null,-299.7519567891676,-291.2671083043191,-8.484848484848499,1.8217773921979222e-08,1.8217773921979222e-08,8.542120168666103e-21,5.25,SURROUND_POORLY_IDENTIFIED
296,phase63_full_pipeline_null,-311.6356590107146,-308.66163327940683,-2.9740257313077905,8.249485971163055e-09,5.71310528337944e-09,0.0007306839873453744,7.0,SURROUND_POORLY_IDENTIFIED
297,phase63_full_pipeline_null,-332.3834183766542,-323.8985698918055,-8.484848484848726,2.068796286745259e-09,2.0687962867452837e-09,2.0952303970209195e-19,6.75,SURROUND_POORLY_IDENTIFIED
298,phase63_full_pipeline_null,-310.08336879326873,-303.80896667007073,-6.274402123198001,9.148929760457619e-09,7.895348713207104e-09,0.00011052670689896561,1.25,OK
299,phase63_full_pipeline_null,-300.1836115414831,-293.2272643814728,-6.956347160010296,1.770099270723993e-08,1.5986116628454397e-08,0.0020915374075354287,4.5,AT_BOUND
300,phase63_full_pipeline_null,-312.74118256699023,-304.25822686691953,-8.482955700070704,7.663350739499097e-09,7.662383795599139e-09,0.00015590881075422324,4.25,AT_BOUND
301,phase63_full_pipeline_null,-321.017539977232,-313.01229193102927,-8.005248046202723,4.4136065224340565e-09,4.274720833718175e-09,1.915681383636843e-05,1.0,AT_BOUND
302,phase63_full_pipeline_null,-329.4451767379435,-335.82332777148724,6.378151033543759,2.5164513384827664e-09,9.342446618243276e-10,0.0005771038579512114,7.0,SURROUND_POORLY_IDENTIFIED
303,phase63_full_pipeline_null,-306.2092719495602,-303.3425807914202,-2.8666911581400427,1.1845049650545524e-08,8.144690214526241e-09,0.0011902042832749823,5.25,AT_BOUND
304,phase63_full_pipeline_null,-310.12888937940716,-302.4553579704019,-7.67353140900525,9.121207536446972e-09,8.640966116269702e-09,0.0011622261244923762,2.75,OK
305,phase63_full_pipeline_null,-303.9196286142767,-294.74197121572064,-9.17765739855605,1.3798403793133543e-08,1.4450661314532317e-08,2.3084214987575856e-05,1.0,AT_BOUND
306,phase63_full_pipeline_null,-297.28737602823674,-318.9044357723775,21.61705974414076,2.147099792347652e-08,2.8861089440174875e-09,0.0006350008233199624,2.25,OK
307,phase63_full_pipeline_null,-306.86916196966257,-304.5657070476573,-2.303454922005244,1.1335250249227036e-08,7.506913959033746e-09,0.0008976921166018572,7.0,SURROUND_POORLY_IDENTIFIED
308,phase63_full_pipeline_null,-293.24942827644975,-299.0483783356554,5.7989500592056515,2.8103654113101166e-08,1.0844373469352877e-08,0.0013244248458876783,2.25,OK
309,phase63_full_pipeline_null,-310.8710740341292,-297.8275411841218,-13.04353285000741,8.6808827573105e-09,1.1763899935500114e-08,8.667552896381498e-05,1.0,AT_BOUND
310,phase63_full_pipeline_null,-322.55035445790367,-314.1312547105493,-8.41909974735438,3.9848693598606765e-09,3.967440909086709e-09,0.00012166666954116928,1.5,OK
311,phase63_full_pipeline_null,-301.58873977258037,-345.00219819174555,43.41345841916518,1.611814261032664e-08,5.066465699449793e-10,0.00019430897581973624,2.0,OK
312,phase63_full_pipeline_null,-322.958521245429,-314.4736727605805,-8.484848484848499,3.87789860227082e-09,3.87789860227082e-09,5.856172556470568e-24,2.5,SURROUND_POORLY_IDENTIFIED
313,phase63_full_pipeline_null,-288.70746929433443,-281.77383718714253,-6.933632107191897,3.8042230552000147e-08,3.4304702633604374e-08,0.0011007589010694845,7.0,SURROUND_POORLY_IDENTIFIED
314,phase63_full_pipeline_null,-278.39774721996747,-267.0262841317459,-11.37146308822156,7.564199950472571e-08,9.169360618598137e-08,3.429535617773761e-23,4.25,SURROUND_POORLY_IDENTIFIED
315,phase63_full_pipeline_null,-315.0111184769496,-310.41034024674195,-4.600778230207652,6.587146569882478e-09,5.084426517162491e-09,0.000562420849536893,7.0,SURROUND_POORLY_IDENTIFIED
316,phase63_full_pipeline_null,-315.8169416366255,-307.3320931517769,-8.484848484848555,6.242612201501327e-09,6.242612201501329e-09,1.3497060822926739e-18,5.5,SURROUND_POORLY_IDENTIFIED
317,phase63_full_pipeline_null,-308.9824136110134,-301.85168282461046,-7.130730786402921,9.84569120662006e-09,8.995814425226953e-09,0.000783331229449163,7.0,SURROUND_POORLY_IDENTIFIED
318,phase63_full_pipeline_null,-310.0163910700201,-301.5315425851716,-8.484848484848499,9.189872733703584e-09,9.189872733703577e-09,5.149955259789513e-24,6.5,SURROUND_POORLY_IDENTIFIED
319,phase63_full_pipeline_null,-301.81226160616154,-311.1496346044046,9.33737299824304,1.5879739512401818e-08,4.839909166549223e-09,0.0007598544240092877,2.75,OK
320,phase63_full_pipeline_null,-310.05860408693337,-313.57508180841853,3.5164777214851597,9.164046940027642e-09,4.117307675956747e-09,8.96731605274654e-05,1.25,AT_BOUND
321,phase63_full_pipeline_null,-304.3374099779733,-309.1203261088149,4.782916130841556,1.3419392032109957e-08,5.541045416796687e-09,0.0012877747730954702,7.0,SURROUND_POORLY_IDENTIFIED
322,phase63_full_pipeline_null,-318.6204786476669,-310.1356301628184,-8.484848484848499,5.178400627451836e-09,5.178400627451838e-09,1.728496534823039e-24,7.0,SURROUND_POORLY_IDENTIFIED
323,phase63_full_pipeline_null,-308.4171239010318,-299.9322754161833,-8.484848484848499,1.0223815985572467e-08,1.0223815985572465e-08,1.6062845831756784e-21,6.75,SURROUND_POORLY_IDENTIFIED
324,phase63_full_pipeline_null,-297.12736509393096,-312.1936412867223,15.06627619279135,2.170126353633233e-08,4.514504826261707e-09,0.0002831259496036586,7.0,SURROUND_POORLY_IDENTIFIED
325,phase63_full_pipeline_null,-297.2092168316462,-308.43967805625874,11.230461224612554,2.1583166967615058e-08,5.7982707305224256e-09,0.00016738191114380892,3.75,OK
326,phase63_full_pipeline_null,-317.31929112665927,-314.86044026681,-2.458850859849292,5.647664428170756e-09,3.779187007621279e-09,0.0006271425942581087,7.0,SURROUND_POORLY_IDENTIFIED
327,phase63_full_pipeline_null,-298.1264578775322,-308.3871182250894,10.260660347557234,2.0302911527403335e-08,5.818623442913912e-09,0.0002529149391291445,7.0,SURROUND_POORLY_IDENTIFIED
328,phase63_full_pipeline_null,-316.47923968371543,-314.6866370807663,-1.7926026029491595,5.972977302222313e-09,3.8232306619497155e-09,0.0009687307567592772,7.0,SURROUND_POORLY_IDENTIFIED
329,phase63_full_pipeline_null,-335.20448073035413,-314.73986444407944,-20.46461628627469,1.7141136255029222e-09,3.809688004992714e-09,4.706288151224851e-05,1.0,AT_BOUND
330,phase63_full_pipeline_null,-310.8942267438437,-309.75268727212125,-1.1415394717224672,8.667494028910326e-09,5.312304722529033e-09,0.0008403900186735083,7.0,SURROUND_POORLY_IDENTIFIED
331,phase63_full_pipeline_null,-285.602484163282,-277.12387702478475,-8.478607138497239,4.679123418817544e-08,4.677176888486146e-08,7.171749604879324e-06,1.0,AT_BOUND
332,phase63_full_pipeline_null,-299.41182340882807,-317.88408150783414,18.47225809900607,1.8635591342798834e-08,3.089263850414872e-09,0.00040723378793655667,6.0,OK
333,phase63_full_pipeline_null,-321.77188547439,-314.429053745328,-7.34283172906197,4.197136306573337e-09,3.889450976730518e-09,0.0003055802146697737,2.25,OK
334,phase63_full_pipeline_null,-334.6208683522809,-339.1518891437443,4.531020791463391,1.7821198852195286e-09,7.483226707781383e-10,0.00013526494653906895,1.25,OK
335,phase63_full_pipeline_null,-311.6675787304398,-297.44303174511583,-14.224546985323968,8.231949884008264e-09,1.2069353574105659e-08,5.966580555504146e-05,1.0,AT_BOUND
336,phase63_full_pipeline_null,-308.65866420665634,-300.73197347292273,-7.926690733733608,1.0060503490235107e-08,9.69302636401545e-09,0.00014304430834604173,1.5,OK
337,phase63_full_pipeline_null,-341.40517101190187,-337.95445922064494,-3.4507117912569356,1.1337341684482986e-09,8.105093883738024e-10,2.884419552863196e-05,1.5,OK
338,phase63_full_pipeline_null,-300.4454268565434,-319.38242838660415,18.93700153006074,1.7394714032388114e-08,2.795589605632983e-09,0.0016994362189850466,3.5,OK
339,phase63_full_pipeline_null,-306.1079549409177,-305.64368085258303,-0.4642740883346619,1.1925327462116027e-08,6.986359022424401e-09,0.0001476875994318884,7.0,SURROUND_POORLY_IDENTIFIED
340,phase63_full_pipeline_null,-311.3952847475598,-316.85680316746493,5.461518419905133,8.382748489471006e-09,3.308245700718501e-09,0.0001540616563259901,1.25,AT_BOUND
341,phase63_full_pipeline_null,-345.385396703956,-336.90022889848956,-8.48516780546646,8.695046293910108e-10,8.695231396384081e-10,0.00012083317954124071,3.25,AT_BOUND
342,phase63_full_pipeline_null,-315.73069693315756,-314.8332022954275,-0.8974946377300625,6.278608400933617e-09,3.786055734577668e-09,0.0005423815745498259,1.75,OK
343,phase63_full_pipeline_null,-320.1073238141661,-307.2884465299091,-12.818877284256985,4.689721684233012e-09,6.260803250208936e-09,0.00039273481477240476,3.25,OK
344,phase63_full_pipeline_null,-305.91698427234013,-305.83511422158705,-0.08187005075308207,1.207812390343089e-08,6.897764076227004e-09,0.00015125365194819352,7.0,SURROUND_POORLY_IDENTIFIED
345,phase63_full_pipeline_null,-321.34533571468705,-303.83427079236446,-17.51106492232259,4.318201998702044e-09,7.882040949779386e-09,6.0409370670934536e-05,1.0,AT_BOUND
346,phase63_full_pipeline_null,-328.14714617094137,-319.6622976860154,-8.484848484925976,2.7439132123139363e-09,2.743913212328117e-09,5.0505463147531085e-18,6.5,SURROUND_POORLY_IDENTIFIED
347,phase63_full_pipeline_null,-287.89979808726247,-279.41494960241397,-8.484848484848499,4.014675519676795e-08,4.014675519676795e-08,5.390907304244274e-22,5.75,SURROUND_POORLY_IDENTIFIED
348,phase63_full_pipeline_null,-320.2354292532121,-310.89641818587893,-9.33901106733316,4.649840303672436e-09,4.922305645558832e-09,9.02539352522103e-05,1.0,AT_BOUND
349,phase63_full_pipeline_null,-305.97949059311105,-297.5167173028035,-8.462773290307553,1.2027898018152309e-08,1.2010209824444066e-08,0.0001055425594240597,2.75,OK
350,phase63_full_pipeline_null,-332.62188610972834,-330.35329269172104,-2.268593418007299,2.036166931541399e-09,1.34534714594093e-09,0.00038133332036395463,7.0,SURROUND_POORLY_IDENTIFIED
351,phase63_full_pipeline_null,-317.5409487799807,-327.22273195480994,9.681783174829263,5.564821491767665e-09,1.6575757277207034e-09,0.0003885369773445562,7.0,SURROUND_POORLY_IDENTIFIED
352,phase63_full_pipeline_null,-310.8883209997472,-302.56708021016857,-8.32124078957861,8.670907234229676e-09,8.576845994926212e-09,6.670970059579277e-05,1.0,AT_BOUND
353,phase63_full_pipeline_null,-295.75099727426317,-287.2661487894147,-8.484848484848499,2.3786741389573776e-08,2.3786741389573772e-08,3.791499639247237e-19,4.5,SURROUND_POORLY_IDENTIFIED
354,phase63_full_pipeline_null,-287.3354508388902,-278.8506023540417,-8.484848484848499,4.1685976196547007e-08,4.1685976196547e-08,8.373938501711411e-22,4.75,SURROUND_POORLY_IDENTIFIED
355,phase63_full_pipeline_null,-312.2913081318459,-304.94344543627665,-7.347862695569233,7.896668411580897e-09,7.320231095163387e-09,0.00013149066422042546,1.0,AT_BOUND
356,phase63_full_pipeline_null,-326.7551433305628,-318.27029484571426,-8.484848484848555,3.010738117791777e-09,3.010738117791792e-09,3.084172942473345e-18,5.25,SURROUND_POORLY_IDENTIFIED
357,phase63_full_pipeline_null,-320.5602319106179,-312.0753834116615,-8.48484849895641,4.550237207950979e-09,4.550237212230594e-09,0.00010940158855722175,2.25,AT_BOUND
358,phase63_full_pipeline_null,-301.6860546909722,-293.22313079567954,-8.462923895292647,1.601391203339903e-08,1.59905225678098e-08,0.00019060920562242399,1.25,OK
359,phase63_full_pipeline_null,-327.4629243286219,-319.7123189251387,-7.750605403483235,2.8719747825146234e-09,2.73477818970353e-09,1.903996709480084e-05,1.0,AT_BOUND
360,phase63_full_pipeline_null,-309.4526837754406,-298.9630127524026,-10.489671023038,9.541804077437028e-09,1.0906265167419293e-08,4.594596632341684e-05,1.0,AT_BOUND
361,phase63_full_pipeline_null,-306.3799025757028,-297.8950540908543,-8.484848484848499,1.1711071240031895e-08,1.17110712400319e-08,0.0001794895533278783,3.0,AT_BOUND
362,phase63_full_pipeline_null,-332.1181690983555,-323.6517884133496,-8.466380685005902,2.105704771412163e-09,2.103113851076313e-09,0.00022873683324907743,2.5,OK
363,phase63_full_pipeline_null,-336.2438169837409,-327.8584108564856,-8.385406127255294,1.599365562243014e-09,1.588797652067321e-09,5.269775001726227e-05,7.0,SURROUND_POORLY_IDENTIFIED
364,phase63_full_pipeline_null,-325.7555894024844,-317.9857193598021,-7.769870042682328,3.218200006604394e-09,3.068402198553474e-09,0.00016690603779949078,2.0,OK
365,phase63_full_pipeline_null,-302.5953652243591,-293.0813418707475,-9.514023353611606,1.507197628376635e-08,1.6142391146687477e-08,0.00036057415233252,2.5,OK
366,phase63_full_pipeline_null,-307.36291873767254,-298.8780702528241,-8.484848484848442,1.0968200728914577e-08,1.0968200728914572e-08,1.2854994179836394e-20,7.0,SURROUND_POORLY_IDENTIFIED
367,phase63_full_pipeline_null,-320.5376846541837,-300.78553958144505,-19.752145072738642,4.557082042080792e-09,9.658473582528306e-09,0.00017671778242232697,1.0,AT_BOUND
368,phase63_full_pipeline_null,-299.70304789317805,-290.1580205214346,-9.545027371743458,1.827727161547777e-08,1.961582997751506e-08,0.0005913570335065676,3.25,OK
369,phase63_full_pipeline_null,-307.7021289165334,-301.11525920046387,-6.586869716069543,1.0722949218714156e-08,9.448484077640201e-09,0.000517948228214653,7.0,SURROUND_POORLY_IDENTIFIED
370,phase63_full_pipeline_null,-310.56077709198144,-303.31729020914554,-7.243486882835896,8.862329793810023e-09,8.158434061464938e-09,0.00032518936054037493,2.5,OK
371,phase63_full_pipeline_null,-317.4728601406802,-309.0012842565892,-8.47157588409101,5.590138984304918e-09,5.585194793175484e-09,2.6196595564821423e-05,1.5,OK
372,phase63_full_pipeline_null,-315.4529509658015,-323.5817018449046,8.128750879103109,6.395948618381287e-09,2.112963512981623e-09,0.0010959475045943968,7.0,SURROUND_POORLY_IDENTIFIED
373,phase63_full_pipeline_null,-294.9975724805716,-286.5127239957231,-8.484848484848499,2.5012023782694495e-08,2.5012023782694492e-08,3.1998605668170494e-17,4.25,SURROUND_POORLY_IDENTIFIED
374,phase63_full_pipeline_null,-354.1345598747504,-312.989080220709,-41.14547965404137,4.852412127894104e-10,4.281340859914318e-09,8.161158050501075e-05,1.0,AT_BOUND
375,phase63_full_pipeline_null,-326.69080772301777,-318.20595923816927,-8.484848484848499,3.0236790277280927e-09,3.0236790277280906e-09,7.574221641594957e-24,4.75,SURROUND_POORLY_IDENTIFIED
376,phase63_full_pipeline_null,-335.0159744355022,-332.1730678904916,-2.842906545010578,1.735790964604623e-09,1.191643842607821e-09,4.902121533974603e-05,7.0,SURROUND_POORLY_IDENTIFIED
377,phase63_full_pipeline_null,-311.853220673242,-306.4201754925993,-5.433045180642694,8.130698051318199e-09,6.633902394052631e-09,7.649346507833732e-05,1.0,AT_BOUND
378,phase63_full_pipeline_null,-315.2560390015221,-307.6554293207763,-7.600609680745777,6.480464732856215e-09,6.109487997560858e-09,3.130890421482146e-05,1.0,AT_BOUND
379,phase63_full_pipeline_null,-314.3819011401623,-300.72710351152597,-13.654797628636345,6.869340353768707e-09,9.696173852540083e-09,0.00014682559856102998,1.0,AT_BOUND
380,phase63_full_pipeline_null,-316.9388706894012,-308.4788203661552,-8.46005032324598,5.7927286304877785e-09,5.783159940817676e-09,0.00018672418955288878,4.25,AT_BOUND
381,phase63_full_pipeline_null,-291.80449041491903,-321.42397947828107,29.61948906336204,3.094553730501469e-08,2.4398574815183585e-09,0.002449559949037212,7.0,SURROUND_POORLY_IDENTIFIED
382,phase63_full_pipeline_null,-300.1062361924538,-292.40670178384477,-7.699534408609054,1.7792536644981993e-08,1.6884985718284542e-08,7.128382809934676e-05,2.0,OK
383,phase63_full_pipeline_null,-309.20757280438346,-300.7227243195349,-8.484848484848555,9.699005026253655e-09,9.699005026253683e-09,2.7352531430825535e-18,4.5,SURROUND_POORLY_IDENTIFIED
384,phase63_full_pipeline_null,-309.51965293146645,-303.87336535924686,-5.646287572219592,9.49929859551428e-09,7.861524698719237e-09,0.0003014233910770624,2.25,OK
385,phase63_full_pipeline_null,-305.9863028473512,-298.78111609838544,-7.205186748965787,1.2022436785071493e-08,1.1039324514671755e-08,0.00045592613176107633,2.75,OK
386,phase63_full_pipeline_null,-311.446381387774,-309.51380354792354,-1.9325778398504667,8.354241718139799e-09,5.397583519775224e-09,8.838836309411464e-05,1.0,AT_BOUND
387,phase63_full_pipeline_null,-344.0576303807469,-343.12924416577175,-0.9283862149751485,9.499804570529243e-10,5.740274752911292e-10,3.251657348641078e-05,6.0,AT_BOUND
388,phase63_full_pipeline_null,-311.4614007840036,-303.0382903784801,-8.423110405523516,8.345880860235432e-09,8.31160087766552e-09,0.0003061760580404993,2.75,OK
389,phase63_full_pipeline_null,-323.7854962584682,-315.3006477735945,-8.48484848487368,3.669890195107093e-09,3.6698901951132433e-09,6.92702965238138e-19,2.5,SURROUND_POORLY_IDENTIFIED
390,phase63_full_pipeline_null,-301.81140095440384,-293.93431050679044,-7.877090447613398,1.588065066692266e-08,1.5250072032498825e-08,0.00029634084459542027,1.25,OK
391,phase63_full_pipeline_null,-300.2049547723722,-313.3924967038567,13.187541931484475,1.767582419244584e-08,4.167731209745892e-09,0.0016862400183149295,7.0,SURROUND_POORLY_IDENTIFIED
392,phase63_full_pipeline_null,-325.9158022754888,-347.3175008772134,21.401698601724604,3.1840097841690237e-09,4.3418041367741263e-10,0.0007608083042774848,7.0,SURROUND_POORLY_IDENTIFIED
393,phase63_full_pipeline_null,-301.37266180308967,-310.7360766639332,9.363414860843534,1.6352008040282603e-08,4.975204536726508e-09,0.003408861708124713,3.75,OK
394,phase63_full_pipeline_null,-319.55501569364674,-311.3794165267736,-8.175599166873155,4.8656182058604045e-09,4.76633258217516e-09,0.00033450853760535885,2.5,OK
395,phase63_full_pipeline_null,-301.7648450735219,-304.54902820645697,2.784183132935084,1.593001641487505e-08,7.515265709812592e-09,0.00010594647083488724,4.0,AT_BOUND
396,phase63_full_pipeline_null,-305.9356211921916,-288.30499588906656,-17.630625303125044,1.2063126620322637e-08,2.2195107188356936e-08,9.167290505739132e-05,1.0,AT_BOUND
397,phase63_full_pipeline_null,-322.8272853885884,-314.34683159818616,-8.480453790402237,3.911975411262348e-09,3.910829450034606e-09,0.0001314549398723788,2.0,OK
398,phase63_full_pipeline_null,-306.3428847063205,-297.858036221472,-8.484848484848499,1.1740008191855074e-08,1.1740008191855072e-08,2.070859588223576e-23,4.75,SURROUND_POORLY_IDENTIFIED
399,phase63_full_pipeline_null,-306.1570429743602,-301.16929094092995,-4.98775203343024,1.1886365191378232e-08,9.414510766313797e-09,0.0007213297035188291,7.0,SURROUND_POORLY_IDENTIFIED
400,phase63_full_pipeline_null,-314.0169755640558,-304.96849992047663,-9.048475643579195,7.038509682902566e-09,7.308014326543977e-09,0.00036885817252025254,7.0,SURROUND_POORLY_IDENTIFIED
401,phase63_full_pipeline_null,-320.21945608965603,-312.69229789265313,-7.527158197002905,4.654794451630147e-09,4.366892833346862e-09,0.00026716658625318044,7.0,SURROUND_POORLY_IDENTIFIED
402,phase63_full_pipeline_null,-311.6467005836225,-309.20625775636546,-2.440442827257016,8.243415718888075e-09,5.5093927580796225e-09,0.0008638832013054943,7.0,SURROUND_POORLY_IDENTIFIED
403,phase63_full_pipeline_null,-311.266782597186,-302.7819341123375,-8.484848484848499,8.454870389488646e-09,8.45487038948865e-09,2.1224402508859474e-18,4.5,SURROUND_POORLY_IDENTIFIED
404,phase63_full_pipeline_null,-329.8156653968283,-324.55347781011454,-5.262187586713765,2.455058196200537e-09,1.9804149753623098e-09,3.541426001876342e-05,1.0,AT_BOUND
405,phase63_full_pipeline_null,-320.5274731811698,-322.1607497989846,1.633276617814829,4.560185399642336e-09,2.322912083586608e-09,0.0001439977655402451,7.0,SURROUND_POORLY_IDENTIFIED
406,phase63_full_pipeline_null,-295.02198143537817,-291.2332081074109,-3.788773327967249,2.497135572328708e-08,1.8258992890351866e-08,0.0001721724334998604,7.0,SURROUND_POORLY_IDENTIFIED
407,phase63_full_pipeline_null,-285.2352911213836,-273.9890022354032,-11.246288885980448,4.7950796768069086e-08,5.764315146357598e-08,2.3969379403826936e-21,4.75,SURROUND_POORLY_IDENTIFIED
408,phase63_full_pipeline_null,-309.6881839781518,-301.20333533336833,-8.484848644783483,9.393167475911219e-09,9.393167576064297e-09,0.00016096621323461455,1.0,AT_BOUND
409,phase63_full_pipeline_null,-293.5453317756622,-285.06048329081375,-8.484848484848442,2.7554688636176e-08,2.755468863617599e-08,2.651125563888571e-21,4.5,SURROUND_POORLY_IDENTIFIED
410,phase63_full_pipeline_null,-304.06397877822167,-295.57913029337317,-8.484848484848499,1.3666253885033965e-08,1.3666253885033963e-08,6.6056769637409475e-21,6.75,SURROUND_POORLY_IDENTIFIED
411,phase63_full_pipeline_null,-333.03889141044476,-327.4453355718828,-5.59355583856194,1.9803403658902334e-09,1.6331585308815903e-09,4.383204077151033e-05,2.0,AT_BOUND
412,phase63_full_pipeline_null,-326.02413515710555,-316.26782689134825,-9.756308265757298,3.1610970933559353e-09,3.440728197080438e-09,3.837775323433244e-05,7.0,SURROUND_POORLY_IDENTIFIED
413,phase63_full_pipeline_null,-330.22463203434324,-321.7397835494947,-8.484848484848555,2.389026650146457e-09,2.389026650146468e-09,1.0719873784898248e-17,6.75,SURROUND_POORLY_IDENTIFIED
414,phase63_full_pipeline_null,-312.60740273151634,-298.32388774246704,-14.283514989049308,7.732003215071182e-09,1.1381005073726286e-08,9.633426507033176e-05,1.0,AT_BOUND
415,phase63_full_pipeline_null,-318.4492349215053,-310.9552533941779,-7.493981527327435,5.2378572755666625e-09,4.903036468600044e-09,1.632295887229057e-05,2.75,AT_BOUND
416,phase63_full_pipeline_null,-332.5582416563106,-320.8468481074608,-11.711393548849799,2.044824667877731e-09,2.5355613518652024e-09,3.563349497583914e-05,1.0,AT_BOUND
417,phase63_full_pipeline_null,-288.15451895901424,-286.98651162966604,-1.1680073293481996,3.947076331712032e-08,2.4234344427779393e-08,0.0001717430832950349,1.25,AT_BOUND
418,phase63_full_pipeline_null,-305.4228331536265,-306.7000509904843,1.277217836857801,1.2482645034506798e-08,6.5112722087914165e-09,0.00043271904014232374,2.25,OK
419,phase63_full_pipeline_null,-313.4513331738131,-306.56044975753326,-6.8908834162798485,7.308996215217677e-09,6.572153849649943e-09,0.00045750293125221427,7.0,SURROUND_POORLY_IDENTIFIED
420,phase63_full_pipeline_null,-320.8727127666314,-316.52851011310656,-4.34420265352486,4.456426929879098e-09,3.3814487865475867e-09,0.00047568799176580644,7.0,SURROUND_POORLY_IDENTIFIED
421,phase63_full_pipeline_null,-343.22775244419717,-336.0849124405802,-7.142840003616982,1.0040193857987236e-09,9.180936278553969e-10,0.00022815747980933434,7.0,SURROUND_POORLY_IDENTIFIED
422,phase63_full_pipeline_null,-311.78095581409207,-299.63411360948635,-12.146842204605719,8.16996347568291e-09,1.0429072646922012e-08,0.00016502324217499814,1.0,AT_BOUND
423,phase63_full_pipeline_null,-303.23068003329394,-303.71634926714023,0.4856692338462949,1.4446942835653804e-08,7.94424930558062e-09,0.00026651423981201007,7.0,SURROUND_POORLY_IDENTIFIED
424,phase63_full_pipeline_null,-316.58976490536037,-310.47703534800365,-6.112729557356715,5.929128072792156e-09,5.06186961273104e-09,0.00042726433617376705,7.0,SURROUND_POORLY_IDENTIFIED
425,phase63_full_pipeline_null,-318.61822636665465,-316.0284175143449,-2.5898088523097726,5.179178233390423e-09,3.4960849591505326e-09,0.0001523668694376191,7.0,SURROUND_POORLY_IDENTIFIED
426,phase63_full_pipeline_null,-316.36479754800814,-328.1923336445648,11.827536096556685,6.018722270654823e-09,1.5538193818579809e-09,0.0005446492728587864,1.0,AT_BOUND
427,phase63_full_pipeline_null,-293.3156818208461,-285.3982067025905,-7.917475118255595,2.797979673444162e-08,2.6941229635644506e-08,0.00010327247622109081,1.25,OK
428,phase63_full_pipeline_null,-317.46093724120067,-308.97608875635194,-8.484848484848726,5.594584128383507e-09,5.594584128383602e-09,2.2582790665214013e-17,4.5,SURROUND_POORLY_IDENTIFIED
429,phase63_full_pipeline_null,-295.1540753274592,-297.0858825841733,1.9318072567140803,2.475241691628395e-08,1.2360172661709598e-08,0.00023393806228701284,7.0,SURROUND_POORLY_IDENTIFIED
430,phase63_full_pipeline_null,-311.5101536131822,-303.0253051283337,-8.484848484848499,8.31879920738728e-09,8.318799207387278e-09,2.5722017593064814e-19,6.75,SURROUND_POORLY_IDENTIFIED
431,phase63_full_pipeline_null,-298.4788463287363,-289.9939978438878,-8.484848484848499,1.9831503068109018e-08,1.9831503068109018e-08,6.206662242985435e-22,3.5,SURROUND_POORLY_IDENTIFIED
432,phase63_full_pipeline_null,-311.1639826363985,-298.5549113010808,-12.609071335317708,8.513013421597209e-09,1.120706265248537e-08,0.00025955604083726074,7.0,SURROUND_POORLY_IDENTIFIED
433,phase63_full_pipeline_null,-318.4850890651736,-318.3552314595608,-0.12985760561281268,5.225352300874347e-09,2.9937381670958913e-09,0.0011360452931250041,7.0,SURROUND_POORLY_IDENTIFIED
434,phase63_full_pipeline_null,-289.092243882565,-280.6073953977165,-8.484848484848499,3.707879466220968e-08,3.7078794662209694e-08,1.4209433810504045e-18,4.5,SURROUND_POORLY_IDENTIFIED
435,phase63_full_pipeline_null,-308.05998613800534,-301.6735577290259,-6.386428408979441,1.0470157663800094e-08,9.10327657287614e-09,0.0007567583651387643,2.0,OK
436,phase63_full_pipeline_null,-293.8819416918493,-305.60494172234013,11.723000030490823,2.694322963923546e-08,7.004425373012578e-09,0.0001394293829688264,1.75,AT_BOUND
437,phase63_full_pipeline_null,-335.3864874155755,-326.90163892984316,-8.484848485732357,1.693440624018131e-09,1.6934406241179114e-09,6.149206932750592e-13,6.0,SURROUND_POORLY_IDENTIFIED
438,phase63_full_pipeline_null,-302.6089195300074,-295.37338512936446,-7.235534400642962,1.5058363090387162e-08,1.3854996397676505e-08,0.0007619769788823721,2.5,OK
439,phase63_full_pipeline_null,-307.70901448498483,-330.4629647341771,22.753950249192258,1.0718028108232238e-08,1.3355465533469414e-09,0.00042998801071814855,1.75,OK
440,phase63_full_pipeline_null,-305.0843834717343,-284.2164623346272,-20.867921137107146,1.2767496360481541e-08,2.9149587778166254e-08,9.847419223933565e-05,1.0,AT_BOUND
441,phase63_full_pipeline_null,-296.2938729896446,-287.8090245047961,-8.484848484848499,2.2941250606273543e-08,2.294125060627354e-08,1.9361505546500657e-22,4.75,SURROUND_POORLY_IDENTIFIED
442,phase63_full_pipeline_null,-319.4470957474663,-311.055179727635,-8.391916019831285,4.900750922000698e-09,4.870482192833388e-09,0.0002823540895848224,3.0,OK
443,phase63_full_pipeline_null,-300.03682691674067,-306.44616497516955,6.409338058428887,1.7875058562730297e-08,6.62241823312942e-09,0.0014718143547514607,3.5,OK
444,phase63_full_pipeline_null,-351.55130730754337,-357.68341974564976,6.13211243810639,5.764352115922738e-10,2.1754351283758785e-10,0.00018907586940002975,1.75,OK
445,phase63_full_pipeline_null,-327.62500865005705,-318.93677486335906,-8.688233786697992,2.841108375946537e-09,2.8798933706432404e-09,0.00012534427002319434,7.0,SURROUND_POORLY_IDENTIFIED
446,phase63_full_pipeline_null,-306.9269588934457,-287.2444932755802,-19.68246561786549,1.1291658113224212e-08,2.3821107131013643e-08,0.0002302882627239175,1.0,AT_BOUND
447,phase63_full_pipeline_null,-306.9860623745873,-299.5717155870138,-7.414346787573493,1.1247253898638907e-08,1.0472546574427041e-08,0.00069893345943523,7.0,SURROUND_POORLY_IDENTIFIED
448,phase63_full_pipeline_null,-330.38088084279633,-321.8960323579478,-8.484848484848555,2.3642703077988026e-09,2.364270307798816e-09,6.266550294731974e-18,4.5,SURROUND_POORLY_IDENTIFIED
449,phase63_full_pipeline_null,-301.8239747658731,-293.3391262810246,-8.484848484848499,1.586734422429219e-08,1.5867344224292187e-08,1.467533866765505e-23,6.0,SURROUND_POORLY_IDENTIFIED
450,phase63_full_pipeline_null,-336.30393536020415,-327.8436901606869,-8.46024519951726,1.592968306495804e-09,1.5903576312028472e-09,6.160695745176644e-05,4.0,OK
451,phase63_full_pipeline_null,-322.364889301745,-313.8800408168965,-8.484848484848499,4.0344455111021515e-09,4.034445511102153e-09,1.2329561299924468e-19,4.75,SURROUND_POORLY_IDENTIFIED
452,phase63_full_pipeline_null,-311.4642546916832,-305.85639841847666,-5.607856273206551,8.344293119717067e-09,6.887983459040967e-09,0.0007003448602074015,7.0,SURROUND_POORLY_IDENTIFIED
453,phase63_full_pipeline_null,-302.74278401883834,-317.9830514498541,15.240267431015752,1.4924575619521906e-08,3.0689479951399024e-09,0.001429535768012892,7.0,SURROUND_POORLY_IDENTIFIED
454,phase63_full_pipeline_null,-305.1835240744299,-296.6986755895814,-8.484848484848499,1.2683389461340177e-08,1.2683389461340179e-08,9.300515077165071e-22,5.75,SURROUND_POORLY_IDENTIFIED
455,phase63_full_pipeline_null,-295.1295229778061,-306.0215212279222,10.891998250116103,2.4792965425596013e-08,6.812575063399789e-09,0.0019454583131837456,7.0,SURROUND_POORLY_IDENTIFIED
456,phase63_full_pipeline_null,-335.7192482957792,-366.32310882361065,30.603860527831444,1.656286872051749e-09,1.222929771224108e-10,5.834117031339572e-05,3.75,OK
457,phase63_full_pipeline_null,-307.00091417693346,-301.46218873699866,-5.538725439934808,1.1236123277085256e-08,9.232461316457084e-09,9.406718168611681e-05,7.0,SURROUND_POORLY_IDENTIFIED
458,phase63_full_pipeline_null,-310.5280002763085,-306.54778432718524,-3.9802159491232487,8.881716230290367e-09,6.57770547023019e-09,0.0007457249132000981,7.0,SURROUND_POORLY_IDENTIFIED
459,phase63_full_pipeline_null,-304.7946389945664,-288.84324193138207,-15.951397063184345,1.3016514442049214e-08,2.1412798375169686e-08,0.00011355854921771352,1.0,AT_BOUND
460,phase63_full_pipeline_null,-305.4318256488958,-305.79009582296266,0.35827017406683126,1.2475163935427676e-08,6.9184969255071216e-09,0.0010815075538430823,7.0,SURROUND_POORLY_IDENTIFIED
461,phase63_full_pipeline_null,-311.1200939201418,-309.75543237068865,-1.3646615494531602,8.537958245714788e-09,5.311332624809669e-09,0.0001590248733747536,3.0,OK
462,phase63_full_pipeline_null,-307.06023887381076,-301.0857405740741,-5.974498299736638,1.1191772397812482e-08,9.467096136476553e-09,0.0006025265158911596,7.0,SURROUND_POORLY_IDENTIFIED
463,phase63_full_pipeline_null,-303.6303162070331,-295.1454677221846,-8.484848484848499,1.4067123555922023e-08,1.4067123555922023e-08,5.324463769700806e-23,4.75,SURROUND_POORLY_IDENTIFIED
464,phase63_full_pipeline_null,-316.6114666508167,-308.15439304739925,-8.457073603417427,5.920556113289249e-09,5.90960340715231e-09,4.8015680579688357e-05,7.0,SURROUND_POORLY_IDENTIFIED
465,phase63_full_pipeline_null,-315.3761657333945,-326.84136657767147,11.465200844276978,6.4287735223728986e-09,1.7002588232194233e-09,0.0009976650144296916,7.0,SURROUND_POORLY_IDENTIFIED
466,phase63_full_pipeline_null,-328.6245728304788,-319.45598444990924,-9.168588380569588,2.657953955699392e-09,2.781914325295751e-09,1.4974661926101065e-05,1.0,AT_BOUND
467,phase63_full_pipeline_null,-299.3706715423725,-306.9736374744236,7.602965932051063,1.8686787495680056e-08,6.393588951510044e-09,0.0007121315545619792,2.5,OK
468,phase63_full_pipeline_null,-320.8350138057669,-319.35769854451206,-1.4773152612548301,4.4676411938077785e-09,2.8002023729885406e-09,0.00022097800354758636,7.0,SURROUND_POORLY_IDENTIFIED
469,phase63_full_pipeline_null,-314.71712529319814,-307.836403163689,-6.880722129509138,6.717525156233877e-09,6.036220369042782e-09,0.00037869806969096525,7.0,SURROUND_POORLY_IDENTIFIED
470,phase63_full_pipeline_null,-309.3372167611438,-300.9955418571314,-8.341674904012393,9.615538417996644e-09,9.524195636119969e-09,0.00010418474552959226,1.75,OK
471,phase63_full_pipeline_null,-327.53140537520335,-323.4479651925576,-4.083440182645745,2.8588929445775457e-09,2.131886455112979e-09,0.0001531008519699335,2.5,OK
472,phase63_full_pipeline_null,-326.9869702894817,-324.52250241933655,-2.4644678701451426,2.964564495760822e-09,1.9845088093620854e-09,0.0005208832961337204,2.75,OK
473,phase63_full_pipeline_null,-301.06857680031015,-292.58372831546166,-8.484848484848499,1.6686884293999662e-08,1.6686884293999665e-08,1.3140636447457147e-21,4.75,SURROUND_POORLY_IDENTIFIED
474,phase63_full_pipeline_null,-308.8665941952056,-302.0365252449315,-6.8300689502740966,9.922006935826175e-09,8.885640770821759e-09,0.00029047418809303045,1.0,AT_BOUND
475,phase63_full_pipeline_null,-329.27552387560513,-326.74210304392153,-2.5334208316835998,2.5450744445900357e-09,1.7115477144690646e-09,6.06716312383295e-05,7.0,SURROUND_POORLY_IDENTIFIED
476,phase63_full_pipeline_null,-314.71150467851595,-306.2365850362572,-8.474919642258726,6.720042735917329e-09,6.715596057990452e-09,9.662395366823658e-05,2.25,OK
477,phase63_full_pipeline_null,-325.22676464607696,-316.74183675301674,-8.484927893060217,3.3336812799243385e-09,3.3336989280823213e-09,1.498131084920165e-09,6.0,SURROUND_POORLY_IDENTIFIED
478,phase63_full_pipeline_null,-316.18300785580436,-327.7642975183987,11.581289662594315,6.092108847797653e-09,1.5987974598113618e-09,0.0009725358722507624,7.0,SURROUND_POORLY_IDENTIFIED
479,phase63_full_pipeline_null,-309.8107014660021,-317.8126833703484,8.00198190434628,9.316758131263373e-09,3.10400341417418e-09,0.0011435745325922067,7.0,SURROUND_POORLY_IDENTIFIED
480,phase63_full_pipeline_null,-330.80429505442567,-322.34005557574136,-8.464239478684306,2.2984657205068096e-09,2.2953099493000427e-09,8.470801924847711e-05,2.75,OK
481,phase63_full_pipeline_null,-308.04700788497274,-299.56215940012424,-8.484848484848499,1.0479220540941981e-08,1.047922054094199e-08,1.7745079191842217e-18,4.5,SURROUND_POORLY_IDENTIFIED
482,phase63_full_pipeline_null,-323.1478230834595,-315.5770113965667,-7.570811686892796,3.829266563332572e-09,3.602894320997631e-09,0.00021829005865412607,7.0,SURROUND_POORLY_IDENTIFIED
483,phase63_full_pipeline_null,-311.88376145148396,-303.39891296663546,-8.484848484848499,8.114160369744265e-09,8.114160369744265e-09,4.976008372389307e-24,7.0,SURROUND_POORLY_IDENTIFIED
484,phase63_full_pipeline_null,-296.7277590963359,-288.2429106114873,-8.484848484848612,2.2287163527760675e-08,2.2287163527760807e-08,1.0432766361976191e-19,5.75,SURROUND_POORLY_IDENTIFIED
485,phase63_full_pipeline_null,-305.99920092029174,-310.00639910855483,4.007198188263089,1.201210347726165e-08,5.223207375913485e-09,0.0011954239491932972,7.0,SURROUND_POORLY_IDENTIFIED
486,phase63_full_pipeline_null,-302.77998930328243,-294.29514081843394,-8.484848484848499,1.488760328527514e-08,1.4887603285275143e-08,4.1647768360220675e-21,6.75,SURROUND_POORLY_IDENTIFIED
487,phase63_full_pipeline_null,-324.07121815112504,-338.04768609416936,13.976467943044327,3.6006472315800174e-09,8.054875929989155e-10,0.0002418876122217816,7.0,SURROUND_POORLY_IDENTIFIED
488,phase63_full_pipeline_null,-312.1134048553683,-318.0343646702828,5.920959814914511,7.990882217607701e-09,3.058467424757262e-09,0.0001475895816296925,7.0,SURROUND_POORLY_IDENTIFIED
489,phase63_full_pipeline_null,-314.0332487536837,-313.6578626412929,-0.37538611239079955,7.03087788992041e-09,4.094647982503091e-09,0.0007568071321434436,2.5,OK
490,phase63_full_pipeline_null,-308.38397057921594,-343.39793634841084,35.0139657691949,1.0246437873491386e-08,5.638365752750874e-10,0.0017324821859278866,3.0,OK
491,phase63_full_pipeline_null,-311.71082700497465,-313.44683140259355,1.736004397618899,8.20824955846337e-09,4.152661691501289e-09,8.031948202825356e-05,2.25,OK
492,phase63_full_pipeline_null,-313.29477501181,-307.9361713973838,-5.358603614426158,7.385681242208409e-09,5.996205387732873e-09,0.0006986330286385398,2.25,OK
493,phase63_full_pipeline_null,-314.9455041083674,-341.73077697384235,26.78527286547495,6.616023780029838e-09,6.301188218189333e-10,0.00024331824591068655,1.5,OK
494,phase63_full_pipeline_null,-307.1701562531184,-298.685307768253,-8.484848484865438,1.1110060794841554e-08,1.1110060794854084e-08,1.2987955656716304e-16,5.0,SURROUND_POORLY_IDENTIFIED
495,phase63_full_pipeline_null,-324.60736572335054,-316.1225172383616,-8.484848484988959,3.4742215668062443e-09,3.474221566838767e-09,7.43450179245699e-17,6.75,SURROUND_POORLY_IDENTIFIED
496,phase63_full_pipeline_null,-291.0566561853399,-307.43898877991,16.38233259457013,3.252745212527758e-08,6.19828314501944e-09,0.0005644529251689604,7.0,SURROUND_POORLY_IDENTIFIED
497,phase63_full_pipeline_null,-301.27539748291525,-296.96028832096977,-4.315109161945486,1.645838368241258e-08,1.2464098255068954e-08,0.0006131307014160491,3.0,OK
498,phase63_full_pipeline_null,-281.44169099135917,-272.95684250651067,-8.484848484848499,6.174926626999033e-08,6.174926626999033e-08,3.004449231763308e-21,4.75,SURROUND_POORLY_IDENTIFIED
499,phase63_full_pipeline_null,-324.2897154841946,-315.8048669937705,-8.484848490424099,3.548578593041958e-09,3.5485785943609995e-09,0.00010014329848296392,1.0,AT_BOUND
500,phase63_full_pipeline_null,-313.31678607288995,-309.70204569032535,-3.614740382564605,7.374851411291406e-09,5.330269932628896e-09,4.0166043092557295e-05,2.5,AT_BOUND
501,phase63_full_pipeline_null,-289.5470736747455,-283.38037315430904,-6.16670052043645,3.597136652278607e-08,3.0820499907277554e-08,0.00018393459555685033,1.0,AT_BOUND
502,phase63_full_pipeline_null,-318.7114473039628,-310.45845036114315,-8.252996942819664,5.147090853892123e-09,5.0681451516379874e-09,0.00037437036816822817,2.5,OK
503,phase63_full_pipeline_null,-309.23802932228597,-306.7224830509497,-2.515546271336291,9.6793318109191e-09,6.501542069381063e-09,0.0005923251767441019,3.25,OK
504,phase63_full_pipeline_null,-324.5825906211522,-323.7508822637142,-0.8317083574380035,3.479964587923651e-09,2.0892659329399525e-09,7.836866039835294e-05,7.0,SURROUND_POORLY_IDENTIFIED
505,phase63_full_pipeline_null,-316.51217347998875,-326.40753822106245,9.895364741073706,5.9598775005169555e-09,1.7501515406906247e-09,0.0009413460052120969,7.0,SURROUND_POORLY_IDENTIFIED
506,phase63_full_pipeline_null,-293.0822261071602,-333.78874574440493,40.70651963724475,2.8418672706567547e-08,1.0699606555786395e-09,0.0028629993051666213,5.0,AT_BOUND
507,phase63_full_pipeline_null,-320.0475617070523,-313.70300024036095,-6.344561466691346,4.708443464544673e-09,4.082344997429833e-09,0.00020129355396174552,4.0,OK
508,phase63_full_pipeline_null,-324.73116176006084,-365.66348162651803,40.93231986645719,3.4456665713541716e-09,1.2779082712743454e-10,0.0003643463767730722,2.5,OK
509,phase63_full_pipeline_null,-318.4952665921169,-313.060925569003,-5.434341023113859,5.221808092464172e-09,4.260883595982379e-09,0.00017750167719086571,2.25,OK
510,phase63_full_pipeline_null,-310.9677684415368,-307.52684572048366,-3.4409227210531412,8.625103215195054e-09,6.162085110526894e-09,0.0013504003905013295,2.75,OK
511,phase63_full_pipeline_null,-313.3870969555614,-303.78518143886055,-9.601915516700842,7.340363482840892e-09,7.907878157414604e-09,8.736127388914438e-05,1.0,AT_BOUND
512,phase63_full_pipeline_null,-318.4973768643195,-315.55031105490184,-2.9470658094176656,5.221073515039669e-09,3.6093132661939738e-09,0.0008905866845927872,3.25,OK
513,phase63_full_pipeline_null,-308.6716380569771,-303.26279281893056,-5.408845238046524,1.0051805687814614e-08,8.18812886274623e-09,0.0004385875973846444,7.0,SURROUND_POORLY_IDENTIFIED
514,phase63_full_pipeline_null,-305.4920560475109,-301.2156834017238,-4.276372645787092,1.242517209710004e-08,9.385438259551492e-09,0.0007999082024181144,7.0,SURROUND_POORLY_IDENTIFIED
515,phase63_full_pipeline_null,-306.6172489073791,-307.8046736146874,1.187424707308253,1.1527224269379501e-08,6.049002319793394e-09,0.0003517265879473365,1.75,OK
516,phase63_full_pipeline_null,-311.08306915401243,-303.8387480148757,-7.24432113913673,8.559058670095692e-09,7.879688657443086e-09,0.00010682337069161169,7.0,SURROUND_POORLY_IDENTIFIED
517,phase63_full_pipeline_null,-286.95785899501436,-285.33135736433474,-1.626501630679627,4.2748647591384895e-08,2.7061564471476337e-08,0.00037119459547191774,7.0,SURROUND_POORLY_IDENTIFIED
518,phase63_full_pipeline_null,-303.95702952303907,-295.47218103819057,-8.484848484848499,1.3764041793847093e-08,1.3764041793847093e-08,4.9710203129802177e-23,4.75,SURROUND_POORLY_IDENTIFIED
519,phase63_full_pipeline_null,-311.5784248819487,-314.98552145211363,3.4070965701649243,8.281022908694418e-09,3.7478043560848584e-09,0.00046341124153996105,1.25,OK
520,phase63_full_pipeline_null,-301.5623531691097,-304.33214947412466,2.7697963050149497,1.614652109925587e-08,7.624715131527161e-09,0.00022012174698938462,1.25,OK
521,phase63_full_pipeline_null,-313.89031789475837,-307.3432388467006,-6.547079048057753,7.098193390383459e-09,6.237975374328398e-09,0.0004255265263304415,7.0,SURROUND_POORLY_IDENTIFIED
522,phase63_full_pipeline_null,-322.86259501358825,-315.89351038465026,-6.969084628937992,3.902777548959876e-09,3.5276698998358386e-09,0.00012191838913314535,1.5,OK
523,phase63_full_pipeline_null,-331.91518303149087,-337.77044491220624,5.855261880715375,2.134393697315744e-09,8.205136487829238e-10,0.00018114894343807845,1.5,OK
524,phase63_full_pipeline_null,-292.47639130997715,-296.1663404564222,3.6899491464450307,2.9589968600592584e-08,1.3141592885111385e-08,0.0018607322291985973,7.0,SURROUND_POORLY_IDENTIFIED
525,phase63_full_pipeline_null,-312.320052475351,-304.18351174451885,-8.136540730832166,7.881550597970153e-09,7.700645403393495e-09,0.0008122965597366318,7.0,SURROUND_POORLY_IDENTIFIED
526,phase63_full_pipeline_null,-321.6106323915385,-313.12565493803976,-8.484977453498743,4.242499780939636e-09,4.242536257727802e-09,6.3254117036154535e-09,6.5,SURROUND_POORLY_IDENTIFIED
527,phase63_full_pipeline_null,-312.4805966612006,-312.7801517092329,0.29955504803228905,7.797644611287634e-09,4.341391040441199e-09,0.0015119065863584587,7.0,SURROUND_POORLY_IDENTIFIED
528,phase63_full_pipeline_null,-305.09856921832943,-298.8686604333399,-6.2299087849895045,1.2755427636974591e-08,1.0975083473463316e-08,0.0002309344525604076,1.0,AT_BOUND
529,phase63_full_pipeline_null,-302.48133433238996,-291.34719327779453,-11.134141054595432,1.518699096404056e-08,1.8120768445685036e-08,9.215515893989781e-05,1.0,AT_BOUND
530,phase63_full_pipeline_null,-315.43919310908143,-328.2486273919905,12.80943428290908,6.401817612441216e-09,1.5479989560868504e-09,0.00019264690187338127,2.0,OK
531,phase63_full_pipeline_null,-316.1410177467817,-314.23220655471897,-1.9088111920627284,6.109186627552994e-09,3.940829194495494e-09,7.569374050392803e-05,1.0,AT_BOUND
532,phase63_full_pipeline_null,-315.20677646044993,-304.06775762904766,-11.139018831402268,6.501782663547834e-09,7.760300712079942e-09,8.245192105778674e-05,1.0,AT_BOUND
533,phase63_full_pipeline_null,-321.2345090672496,-313.8507247285649,-7.383784338684677,4.3502249429100826e-09,4.042338165379679e-09,0.0005474526221806636,2.25,OK
534,phase63_full_pipeline_null,-314.0072064801561,-310.6469291134219,-3.3602773667342376,7.043095162046266e-09,5.004861062839162e-09,0.0003704345777955602,3.0,OK
535,phase63_full_pipeline_null,-311.17171537139694,-302.68686688633863,-8.484848485058308,8.50862596080825e-09,8.508625960927265e-09,3.240495884375177e-13,6.25,SURROUND_POORLY_IDENTIFIED
536,phase63_full_pipeline_null,-314.06525373529513,-300.1764544128651,-13.888799322430032,7.015892341507032e-09,1.0058733875182491e-08,2.4710406268859583e-05,1.0,AT_BOUND
537,phase63_full_pipeline_null,-303.125777893272,-320.01977301464575,16.893995121373734,1.4548331299332017e-08,2.679294175883263e-09,0.001580629617053993,7.0,SURROUND_POORLY_IDENTIFIED
538,phase63_full_pipeline_null,-314.6867828185337,-306.2019343336852,-8.484848484848499,6.73112733150839e-09,6.731127331508389e-09,2.1546206584877142e-23,6.25,SURROUND_POORLY_IDENTIFIED
539,phase63_full_pipeline_null,-320.12952735229396,-321.45375539532813,1.324228043034168,4.682784925237685e-09,2.4350190191638733e-09,0.0002112418909026047,4.75,AT_BOUND
540,phase63_full_pipeline_null,-310.98384392696124,-299.1042770343262,-11.879566892635069,8.61586465182427e-09,1.0804036251644617e-08,2.7669194531363856e-05,1.0,AT_BOUND
541,phase63_full_pipeline_null,-323.88246410415456,-323.2769509303149,-0.605513173839654,3.646242622856029e-09,2.1563310688742483e-09,0.00010409802254211618,1.25,OK
542,phase63_full_pipeline_null,-301.75574147855247,-293.27089299370397,-8.484848484848499,1.5939687377082113e-08,1.5939687377082113e-08,2.5262128219112143e-23,7.0,SURROUND_POORLY_IDENTIFIED
543,phase63_full_pipeline_null,-292.8912647880716,-284.6274210010968,-8.263843786974803,2.8782776596077267e-08,2.8361810140450773e-08,0.0004153632016075915,7.0,SURROUND_POORLY_IDENTIFIED
544,phase63_full_pipeline_null,-293.29429988574424,-284.8094514008957,-8.484848484848555,2.8019709321157285e-08,2.8019709321157322e-08,2.6728803455699624e-20,4.75,SURROUND_POORLY_IDENTIFIED
545,phase63_full_pipeline_null,-311.06924746370265,-303.24291546872143,-7.826331994981217,8.566949015353146e-09,8.198986608928924e-09,1.725610932884233e-05,2.25,AT_BOUND
546,phase63_full_pipeline_null,-299.4761778143632,-288.6691045941938,-10.8070732201694,1.8555810446734054e-08,2.1662831416029416e-08,0.0001124519566450612,1.0,AT_BOUND
547,phase63_full_pipeline_null,-321.4689023186763,-312.98405383382783,-8.484848484848499,4.282775745346015e-09,4.282775745346017e-09,1.4707109732479443e-21,4.75,SURROUND_POORLY_IDENTIFIED
548,phase63_full_pipeline_null,-298.2370271438051,-292.08361107165223,-6.153416072152879,2.0153803227022664e-08,1.7252622981688386e-08,0.00013664615381075136,1.0,AT_BOUND
549,phase63_full_pipeline_null,-303.1332821390945,-296.34047528409985,-6.792806854994637,1.454105483600431e-08,1.298991440460402e-08,0.0011015375653386694,7.0,SURROUND_POORLY_IDENTIFIED
550,phase63_full_pipeline_null,-332.1326816157858,-323.64783313007956,-8.484848485706266,2.1036684848126165e-09,2.103668484932915e-09,1.2904413904638797e-12,4.5,SURROUND_POORLY_IDENTIFIED
551,phase63_full_pipeline_null,-305.1522324658396,-301.76091528723333,-3.3913171786062435,1.2709875989178283e-08,9.050414651027126e-09,0.000371934350772662,1.25,OK
552,phase63_full_pipeline_null,-314.5044624901241,-319.43622435115066,4.93176186102653,6.813441324966563e-09,2.7855814669885397e-09,0.0005797587991883854,1.75,OK
553,phase63_full_pipeline_null,-291.16666517736985,-296.92874663682807,5.762081459458216,3.228977061263015e-08,1.2490335073867919e-08,0.002041497139551919,7.0,SURROUND_POORLY_IDENTIFIED
554,phase63_full_pipeline_null,-314.6227870748984,-306.9288604609895,-7.6939266139089,6.759906245394289e-09,6.412703187821542e-09,0.00027034238550327787,7.0,SURROUND_POORLY_IDENTIFIED
555,phase63_full_pipeline_null,-312.4365170847053,-316.66420866626817,4.227691581562851,7.8205927710873e-09,3.350996225986824e-09,0.0010173961926561545,7.0,SURROUND_POORLY_IDENTIFIED
556,phase63_full_pipeline_null,-311.1145571371183,-326.1746492314896,15.06009209437127,8.541110348914056e-09,1.7775363125799949e-09,0.00033668299384550864,7.0,SURROUND_POORLY_IDENTIFIED
557,phase63_full_pipeline_null,-337.96164537580034,-329.82007404938224,-8.141571326418102,1.4263020762095775e-09,1.3940316134537935e-09,0.00015420178271272975,1.5,OK
558,phase63_full_pipeline_null,-334.24429440579337,-325.7594459207914,-8.484848485001976,1.8274262062468893e-09,1.8274262062655786e-09,2.0971934000120844e-19,1.0,SURROUND_POORLY_IDENTIFIED
559,phase63_full_pipeline_null,-316.8501979731371,-308.3653494882886,-8.484848484848499,5.827073845401834e-09,5.827073845401832e-09,1.3402587745346498e-21,5.75,SURROUND_POORLY_IDENTIFIED
560,phase63_full_pipeline_null,-297.74416737066485,-310.803921783171,13.059754412506152,2.0827002347054643e-08,4.952752460793313e-09,0.00015903900466969977,1.25,AT_BOUND
561,phase63_full_pipeline_null,-303.6369684254112,-295.1521199405627,-8.484848484848499,1.4060886433857782e-08,1.4060886433857782e-08,7.620926458963283e-24,7.0,SURROUND_POORLY_IDENTIFIED
562,phase63_full_pipeline_null,-319.6982153484008,-313.9273410790199,-5.770874269380897,4.819388901164736e-09,4.021743526520941e-09,5.935138138140998e-05,7.0,SURROUND_POORLY_IDENTIFIED
563,phase63_full_pipeline_null,-315.3137238670323,-314.28095283060446,-1.032771036427846,6.455590942449187e-09,3.9280432648210825e-09,0.0009902840538164887,7.0,SURROUND_POORLY_IDENTIFIED
564,phase63_full_pipeline_null,-305.8060151618675,-301.87435270571086,-3.93166245615663,1.2167808479368397e-08,8.982229090848576e-09,0.0014830111347106148,7.0,SURROUND_POORLY_IDENTIFIED
565,phase63_full_pipeline_null,-302.84347736646345,-294.3586288816149,-8.484848484848555,1.4824724108517467e-08,1.4824724108517545e-08,1.737615630447972e-17,4.5,SURROUND_POORLY_IDENTIFIED
566,phase63_full_pipeline_null,-304.79034511161666,-315.5226893003381,10.732344188721413,1.3020241068042157e-08,3.6159657604450815e-09,0.0002037926764919283,7.0,SURROUND_POORLY_IDENTIFIED
567,phase63_full_pipeline_null,-299.1344661653107,-305.38764272559337,6.253176560282668,1.8983377887552664e-08,7.106634221977177e-09,0.0005763281808738286,1.25,OK
568,phase63_full_pipeline_null,-314.4469308557562,-305.9620823709077,-8.484848484848499,6.839624065070263e-09,6.839624065070261e-09,9.431866067422676e-24,7.0,SURROUND_POORLY_IDENTIFIED
569,phase63_full_pipeline_null,-302.09320829457323,-321.70997737730767,19.616769082734436,1.558508353171814e-08,2.3937785524297363e-09,0.0031666192289032187,3.5,OK
570,phase63_full_pipeline_null,-312.15202875514933,-305.38612761730377,-6.76590113784556,7.970332750051873e-09,7.107352079592328e-09,0.0005447435995810849,7.0,SURROUND_POORLY_IDENTIFIED
571,phase63_full_pipeline_null,-317.8929898937786,-318.5219738418201,0.6289839480415367,5.435739096670895e-09,2.9606435812969378e-09,0.0007218024515960827,7.0,SURROUND_POORLY_IDENTIFIED
572,phase63_full_pipeline_null,-282.32734894605375,-292.797166858365,10.469817912311271,5.820889799269234e-08,1.6451123998386468e-08,0.0005825655090551207,7.0,SURROUND_POORLY_IDENTIFIED
573,phase63_full_pipeline_null,-329.26887436343713,-315.12235908023666,-14.146515283200472,2.5462029282662755e-09,3.713770452149402e-09,8.576475123550696e-05,1.0,AT_BOUND
574,phase63_full_pipeline_null,-316.1750241610695,-312.0298677956244,-4.145156365445075,6.095352213344597e-09,4.564065304747455e-09,6.360962207009047e-05,1.0,AT_BOUND
575,phase63_full_pipeline_null,-299.4030211605815,-291.96160408906593,-7.441417071515559,1.8646530225458416e-08,1.7393524602366144e-08,0.0007302487223935963,3.0,OK
576,phase63_full_pipeline_null,-334.9899203777526,-336.74945644728547,1.759536069532885,1.738808544388104e-09,8.783072212754583e-10,0.0003166263944648838,3.0,OK
577,phase63_full_pipeline_null,-331.61508186111695,-323.1303505684891,-8.484731292627828,2.1775259968379507e-09,2.1775089842972602e-09,6.077188724247767e-06,4.25,AT_BOUND
578,phase63_full_pipeline_null,-287.73313216732925,-279.25092868180286,-8.482203485526384,4.0595315632401394e-08,4.0588157957999464e-08,3.881578204049745e-05,7.0,SURROUND_POORLY_IDENTIFIED
579,phase63_full_pipeline_null,-302.88667691086107,-294.4018284260111,-8.484848484849977,1.478209077418508e-08,1.4782090774186584e-08,2.6663577484008577e-17,5.0,SURROUND_POORLY_IDENTIFIED
580,phase63_full_pipeline_null,-323.40223206870957,-356.0253899122855,32.62315784357594,3.764867575086262e-09,2.4296908469443886e-10,0.000251355760149694,5.75,OK
581,phase63_full_pipeline_null,-307.672170914955,-332.57482393232164,24.902653017366617,1.0744386494160761e-08,1.1601508016788102e-09,8.696321384201757e-05,2.5,AT_BOUND
582,phase63_full_pipeline_null,-317.6542223032679,-309.1693738184194,-8.484848484848499,5.522956634258188e-09,5.52295663425819e-09,0.00010336227075648915,2.0,AT_BOUND
583,phase63_full_pipeline_null,-319.1471213010079,-311.75535279095385,-7.391768510054078,4.999744140343868e-09,4.64836126275411e-09,0.0003898487106408316,2.0,OK
584,phase63_full_pipeline_null,-315.12041635165855,-307.2186795510343,-7.901736800624235,6.539323605054418e-09,6.28999089726245e-09,0.000157500680343909,1.5,OK
585,phase63_full_pipeline_null,-298.0395544079926,-289.55470592314407,-8.484848484848555,2.04208791542022e-08,2.0420879154202208e-08,2.3769556628392487e-19,4.5,SURROUND_POORLY_IDENTIFIED
586,phase63_full_pipeline_null,-307.2279485281177,-307.1478626649215,-0.08008586319618871,1.1067338103160875e-08,6.3197569445352445e-09,0.0009996743983616673,7.0,SURROUND_POORLY_IDENTIFIED
587,phase63_full_pipeline_null,-299.49434743452736,-311.2454464103685,11.75109897584116,1.8533347252560544e-08,4.809092993898267e-09,0.0008771934560626784,2.75,OK
588,phase63_full_pipeline_null,-329.18206949155956,-320.6972210067024,-8.484848484857139,2.56098050046499e-09,2.5609805004664738e-09,9.40494334059343e-18,1.0,SURROUND_POORLY_IDENTIFIED
589,phase63_full_pipeline_null,-317.3892255992276,-311.49372583033596,-5.895499768891625,5.621394619062696e-09,4.730148220394259e-09,0.0012754932762316178,4.0,OK
590,phase63_full_pipeline_null,-314.33130345357995,-333.9627677132934,19.631464259713425,6.892550993933569e-09,1.0576192724001758e-09,0.0002129093423298896,1.25,OK
591,phase63_full_pipeline_null,-327.01886236163256,-317.34473803121807,-9.674124330414486,2.9582681179642273e-09,3.2023632670603643e-09,4.621996229796065e-05,2.25,OK
592,phase63_full_pipeline_null,-311.7401982400356,-303.2553497551871,-8.484848484848499,8.192192855285678e-09,8.192192855285678e-09,1.455606142313811e-25,7.0,SURROUND_POORLY_IDENTIFIED
593,phase63_full_pipeline_null,-316.65474548188257,-337.7942735298265,21.13952804794394,5.9034984165056604e-09,8.19211236480373e-10,0.001087701569602181,2.75,OK
594,phase63_full_pipeline_null,-323.77712132321403,-313.0089525106245,-10.768168812589522,3.6719397734082935e-09,4.275672612325673e-09,3.060603610226272e-05,1.0,AT_BOUND
595,phase63_full_pipeline_null,-302.7898730067785,-294.30502452193,-8.484848484848499,1.4877796872643153e-08,1.4877796872643154e-08,2.588800667478215e-22,7.0,SURROUND_POORLY_IDENTIFIED
596,phase63_full_pipeline_null,-308.08536618342947,-299.600517698581,-8.484848484848499,1.0452457104249496e-08,1.0452457104249503e-08,1.6014663831388147e-20,2.5,SURROUND_POORLY_IDENTIFIED
597,phase63_full_pipeline_null,-280.81687694457463,-306.69031153184403,25.8734345872694,6.437570838458654e-08,6.515501332713624e-09,0.0005626940128841054,7.0,SURROUND_POORLY_IDENTIFIED
598,phase63_full_pipeline_null,-302.90821218286135,-294.4250741975847,-8.483137985276642,1.4760883578215249e-08,1.475920044184779e-08,2.108891237875886e-06,1.0,AT_BOUND
599,phase63_full_pipeline_null,-313.8896686521553,-306.64761693918126,-7.242051712974046,7.098500627002692e-09,6.534072861997794e-09,0.0006643118323492123,3.0,OK
600,phase63_full_pipeline_null,-323.61154482749953,-319.8337482432414,-3.7777965842581125,3.712696767585432e-09,2.7127287417171196e-09,0.0005640735040872563,7.0,SURROUND_POORLY_IDENTIFIED
601,phase63_full_pipeline_null,-306.3312741052149,-297.8464256203664,-8.484848484848499,1.1749098946511487e-08,1.1749098946511514e-08,5.069964856896202e-18,5.25,SURROUND_POORLY_IDENTIFIED
602,phase63_full_pipeline_null,-317.5756194625161,-308.39229913883446,-9.183320323681642,5.55197393465278e-09,5.816614070868491e-09,5.3187233481711074e-05,2.25,OK
603,phase63_full_pipeline_null,-312.46042517700073,-314.8384281983004,2.378003021299662,7.80813766939637e-09,3.784736927020337e-09,0.0009202779513501876,7.0,SURROUND_POORLY_IDENTIFIED
604,phase63_full_pipeline_null,-303.91765699580077,-319.39558587164885,15.477928875848079,1.3800217591525378e-08,2.793138485580833e-09,0.0015221533751884793,7.0,SURROUND_POORLY_IDENTIFIED
605,phase63_full_pipeline_null,-323.2875802661347,-315.0196792341815,-8.267901031953159,3.793754422349482e-09,3.739279620342302e-09,7.829085296607728e-06,2.5,OK
606,phase63_full_pipeline_null,-310.53762682479277,-306.21749328268703,-4.3201335421057365,8.876018040821575e-09,6.724149000192363e-09,0.0009310281365310142,7.0,SURROUND_POORLY_IDENTIFIED
607,phase63_full_pipeline_null,-286.7551330767636,-302.5337908995889,15.778657822825267,4.333031999574553e-08,8.595901618064946e-09,0.0005256849239951993,7.0,SURROUND_POORLY_IDENTIFIED
608,phase63_full_pipeline_null,-303.3960784334964,-307.0158041479135,3.6197257144170862,1.428851780021806e-08,6.3756410981884216e-09,0.0012031714936433838,6.25,OK
609,phase63_full_pipeline_null,-288.33166381165336,-276.59938835857304,-11.73227545308032,3.90073687978697e-08,4.843611450964555e-08,9.210492435075281e-05,1.0,AT_BOUND
610,phase63_full_pipeline_null,-301.2327800470307,-294.6169953306039,-6.615784716426788,1.650521111383767e-08,1.4571563221788681e-08,0.0003158770582580735,1.5,OK
611,phase63_full_pipeline_null,-304.42203472067405,-297.99179219720736,-6.4302425234666885,1.334389768215084e-08,1.1635787138673121e-08,6.718193635508163e-05,1.0,AT_BOUND
612,phase63_full_pipeline_null,-309.19043276780576,-303.6394972484458,-5.550935519359939,9.710094114020578e-09,7.985055858257933e-09,8.016873028596875e-05,1.0,AT_BOUND
613,phase63_full_pipeline_null,-326.5225039363112,-318.0376554514626,-8.484848484848555,3.057796515217794e-09,3.0577965152177994e-09,1.1357771421721271e-20,4.25,SURROUND_POORLY_IDENTIFIED
614,phase63_full_pipeline_null,-302.09772476853465,-293.6242406987793,-8.47348406975533,1.558039159652318e-08,1.5568591931136335e-08,0.00016847730238437843,1.5,OK
615,phase63_full_pipeline_null,-314.4892361292478,-303.41655206627223,-11.072684062975554,6.820361097565799e-09,8.104624212268872e-09,7.864616101409051e-05,1.0,AT_BOUND
616,phase63_full_pipeline_null,-307.1303299857898,-303.24563750269914,-3.884692483090646,1.1139598139646201e-08,8.19749888257889e-09,0.00023176856992861004,1.75,OK
617,phase63_full_pipeline_null,-302.2532244588918,-293.7683759740433,-8.484848484848499,1.541970949815183e-08,1.541970949815183e-08,2.002609605945791e-21,4.75,SURROUND_POORLY_IDENTIFIED
618,phase63_full_pipeline_null,-303.25747022396826,-323.1315799068619,19.874109682893618,1.4421163440122038e-08,2.1773305319198825e-09,0.00010341907363709116,3.25,AT_BOUND
619,phase63_full_pipeline_null,-353.25930598074933,-344.77445746334536,-8.484848517403975,5.143975308530972e-10,5.143975319695274e-10,1.7145207455210512e-11,5.0,SURROUND_POORLY_IDENTIFIED
620,phase63_full_pipeline_null,-314.2128598269329,-309.692299303069,-4.520560523863935,6.947191687194172e-09,5.333734449720798e-09,5.0703247049824465e-05,1.25,AT_BOUND
621,phase63_full_pipeline_null,-328.4365028303571,-319.99420249503737,-8.442300335319715,2.6914891753956818e-09,2.683865467403634e-09,4.4882563822571146e-06,1.0,AT_BOUND
622,phase63_full_pipeline_null,-293.85362412057447,-315.7331372685327,21.87951314795822,2.6994142136435887e-08,3.5655884702414274e-09,0.0023272466552205565,7.0,SURROUND_POORLY_IDENTIFIED
623,phase63_full_pipeline_null,-313.7301833343916,-302.52939494525083,-11.200788389140769,7.174377059981084e-09,8.598421133303195e-09,8.02501639270133e-05,1.0,AT_BOUND
624,phase63_full_pipeline_null,-287.9405120848836,-278.70006167662194,-9.240450408261665,4.0037933955464136e-08,4.210644492863572e-08,6.489122148333802e-05,1.0,AT_BOUND
625,phase63_full_pipeline_null,-318.81246344979047,-311.98710190696227,-6.825361542828205,5.112544689780343e-09,4.577096292557646e-09,0.0004435649044295021,7.0,SURROUND_POORLY_IDENTIFIED
626,phase63_full_pipeline_null,-334.6609163071016,-327.77383200063787,-6.887084306463748,1.777368214089227e-09,1.5977815356569522e-09,6.212581722176168e-05,1.0,AT_BOUND
627,phase63_full_pipeline_null,-320.6947768589177,-309.4092315966028,-11.285545262314884,4.509605610912448e-09,5.435344045976678e-09,0.00011413892203341397,1.0,AT_BOUND
628,phase63_full_pipeline_null,-339.07393587695435,-330.58908689372197,-8.484848983232382,1.3243641190989256e-09,1.3243641631017084e-09,5.023219527737072e-12,4.75,SURROUND_POORLY_IDENTIFIED
629,phase63_full_pipeline_null,-311.3256075468776,-302.8407590620291,-8.484848484848499,8.421778165160633e-09,8.421778165160651e-09,0.00018268360682477253,4.0,AT_BOUND
630,phase63_full_pipeline_null,-306.9919473931279,-293.1532516261775,-13.838695766950366,1.1242842077635502e-08,1.6065189985136312e-08,1.270210147583333e-21,7.0,SURROUND_POORLY_IDENTIFIED
631,phase63_full_pipeline_null,-312.8692337437467,-309.19196003043385,-3.677273713312843,7.598209111833737e-09,5.514646714182923e-09,0.0010395885802464006,7.0,SURROUND_POORLY_IDENTIFIED
632,phase63_full_pipeline_null,-325.16022957727574,-316.84471382600987,-8.315515751265877,3.3485012380781537e-09,3.3109130762607906e-09,0.00038834761976432915,7.0,SURROUND_POORLY_IDENTIFIED
633,phase63_full_pipeline_null,-300.05262773410266,-306.326848646595,6.274220912492353,1.7856239107517364e-08,6.6753058079668545e-09,0.0025268887690075466,3.0,OK
634,phase63_full_pipeline_null,-305.76079944644323,-301.7506694395088,-4.010130006934446,1.2204542227345802e-08,9.056598707507312e-09,9.120276315854586e-05,1.0,AT_BOUND
635,phase63_full_pipeline_null,-315.90860321639184,-320.34154167603225,4.432938459640411,6.204581339059297e-09,2.622432044685838e-09,0.0008683488075411081,7.0,SURROUND_POORLY_IDENTIFIED
636,phase63_full_pipeline_null,-301.62276253072685,-311.97239536134975,10.349632830622909,1.608162512897686e-08,4.581586044849516e-09,0.001555865423157583,7.0,SURROUND_POORLY_IDENTIFIED
637,phase63_full_pipeline_null,-310.3382484824053,-307.3611624734983,-2.9770860089069515,8.994784659560223e-09,6.2305260163596224e-09,8.546412853624409e-05,1.0,AT_BOUND
638,phase63_full_pipeline_null,-337.754093846049,-315.99691480516327,-21.757179040885717,1.4461746571560832e-09,3.5034350845938634e-09,6.058446857314331e-05,1.0,AT_BOUND
639,phase63_full_pipeline_null,-312.1277194579728,-304.2228270475602,-7.904892410412572,7.983260101544602e-09,7.680488283865238e-09,2.8284744139266864e-05,1.0,AT_BOUND
640,phase63_full_pipeline_null,-295.4371972553519,-285.3961261677878,-10.041071087564092,2.4289601628398295e-08,2.694496670586775e-08,8.83452771023645e-05,1.0,AT_BOUND
641,phase63_full_pipeline_null,-318.63270249205465,-310.1471474970657,-8.485554994988945,5.174182348908152e-09,5.174426062134178e-09,8.81714820369139e-05,1.0,AT_BOUND
642,phase63_full_pipeline_null,-319.46111592433044,-336.2419963989261,16.780880474595676,4.8961724357273435e-09,9.085292767222132e-10,8.040281252598823e-05,2.0,AT_BOUND
643,phase63_full_pipeline_null,-321.0687560483637,-312.5839075635152,-8.484848484848499,4.3985623814028355e-09,4.398562381402843e-09,2.0208534521086814e-18,2.0,SURROUND_POORLY_IDENTIFIED
644,phase63_full_pipeline_null,-309.55912582414504,-315.3853544849341,5.82622866078907,9.474333804738932e-09,3.649224312703446e-09,0.0015609222063503007,7.0,SURROUND_POORLY_IDENTIFIED
645,phase63_full_pipeline_null,-333.149420296494,-324.8724280466467,-8.276992249847297,1.965801675538719e-09,1.9387492664788282e-09,8.685698093321109e-05,7.0,SURROUND_POORLY_IDENTIFIED
646,phase63_full_pipeline_null,-314.96762227341605,-341.62451769493356,26.656895421517504,6.606275348647816e-09,6.34598401090283e-10,0.0013317489312553287,7.0,SURROUND_POORLY_IDENTIFIED
647,phase63_full_pipeline_null,-300.76388381357253,-292.27903532872404,-8.484848484848499,1.7029308772254472e-08,1.7029308772254475e-08,2.387304640139126e-22,4.75,SURROUND_POORLY_IDENTIFIED
648,phase63_full_pipeline_null,-314.7691614954293,-311.3514991259197,-3.4176623695095714,6.694261897450495e-09,4.7752117502085134e-09,0.00029060496115893627,2.25,OK
649,phase63_full_pipeline_null,-306.8005318011005,-298.315683316252,-8.484848484848499,1.1387231750873554e-08,1.1387231750873552e-08,9.954763242906232e-22,6.0,SURROUND_POORLY_IDENTIFIED
650,phase63_full_pipeline_null,-333.9613434206166,-325.9979938221942,-7.963349598422383,1.8622248544787708e-09,1.7985941622807779e-09,1.676328889840329e-05,7.0,SURROUND_POORLY_IDENTIFIED
651,phase63_full_pipeline_null,-319.8206026779854,-311.97310109747133,-7.847501580514063,4.780226740973182e-09,4.581370490535967e-09,2.9634358402028536e-05,7.0,SURROUND_POORLY_IDENTIFIED
652,phase63_full_pipeline_null,-295.0685769963209,-286.58372851147243,-8.484848484848499,2.4893905791172736e-08,2.4893905791172736e-08,1.550030522151436e-23,2.5,SURROUND_POORLY_IDENTIFIED
653,phase63_full_pipeline_null,-320.8367145445635,-312.97766774063047,-7.85904680393304,4.467134669809976e-09,4.284599480540096e-09,2.839221049303705e-05,7.0,SURROUND_POORLY_IDENTIFIED
654,phase63_full_pipeline_null,-302.29175228510604,-293.8069037963916,-8.48484848871442,1.53801544596985e-08,1.5380154463662347e-08,6.140746649846392e-11,4.0,SURROUND_POORLY_IDENTIFIED
655,phase63_full_pipeline_null,-302.8277664450907,-292.8969507341627,-9.93081571092796,1.4840259581306439e-08,1.634205006702089e-08,0.0010536556202320382,7.0,SURROUND_POORLY_IDENTIFIED
656,phase63_full_pipeline_null,-305.49012459736093,-306.0606056237256,0.5704810263646891,1.2426772106809871e-08,6.794847144248872e-09,0.0004278035295332297,5.5,OK
657,phase63_full_pipeline_null,-331.6186607863538,-324.12743837380054,-7.49122241255327,2.1770065119640614e-09,2.0374703937466206e-09,0.00027059236976414834,7.0,SURROUND_POORLY_IDENTIFIED
658,phase63_full_pipeline_null,-328.2177366143104,-338.234777118302,10.017040503991609,2.7310306123560596e-09,7.95503354568262e-10,0.00022772797938184678,4.25,OK
659,phase63_full_pipeline_null,-309.82368276409204,-301.33883427924354,-8.484848484848499,9.308698711521776e-09,9.30869871152179e-09,7.208659155284802e-20,2.5,SURROUND_POORLY_IDENTIFIED
660,phase63_full_pipeline_null,-311.65031560931754,-303.16546712446706,-8.484848484850488,8.241429280955897e-09,8.24142928095697e-09,0.00012005978372771062,2.0,AT_BOUND
661,phase63_full_pipeline_null,-312.2373082261954,-311.38326703361014,-0.8540411925852709,7.92514759988478e-09,4.765109219454574e-09,0.0006371811748294996,2.0,OK
662,phase63_full_pipeline_null,-309.010522024712,-316.81468051194616,7.80415848723419,9.827258698193963e-09,3.3175488967170637e-09,0.0016306868308247871,7.0,SURROUND_POORLY_IDENTIFIED
663,phase63_full_pipeline_null,-308.7472357362045,-304.27184024530624,-4.475395490898279,1.0001273586291489e-08,7.655432888257047e-09,0.0008208977943220976,2.75,OK
664,phase63_full_pipeline_null,-315.710687764213,-311.8571827949997,-3.8535049692133043,6.286989305270633e-09,4.616911956554812e-09,0.0003408157570454445,1.5,OK
665,phase63_full_pipeline_null,-299.2426510462,-293.97442011120074,-5.268230934999281,1.88469561395561e-08,1.5209348213542703e-08,0.00035123380551814443,2.0,OK
666,phase63_full_pipeline_null,-311.47056842321723,-344.79695816819583,33.3263897449786,8.340781617018452e-09,5.136264899442309e-10,0.0007640038280495493,7.0,SURROUND_POORLY_IDENTIFIED
667,phase63_full_pipeline_null,-330.0368468557693,-323.48036646936424,-6.556480386405042,2.4191228977919608e-09,2.1272863689802685e-09,0.0011141948123407164,4.0,OK
668,phase63_full_pipeline_null,-304.942543809465,-294.80975843559935,-10.132785373865659,1.2888798128139544e-08,1.438550397618896e-08,9.131830211288193e-05,1.0,AT_BOUND
669,phase63_full_pipeline_null,-303.82009168598097,-302.8634077005379,-0.9566839854430782,1.3890271646086324e-08,8.409071639807065e-09,0.00016332627641959185,1.5,OK
670,phase63_full_pipeline_null,-319.12636110751265,-310.78387995089577,-8.342481156616884,5.006668641423316e-09,4.959374365919913e-09,0.00024263249836232125,2.75,OK
671,phase63_full_pipeline_null,-300.24915550217145,-305.39873698544886,5.149581483277416,1.7623815235933153e-08,7.101379975498759e-09,0.001831452506563435,7.0,SURROUND_POORLY_IDENTIFIED
672,phase63_full_pipeline_null,-311.84314075526254,-303.35829227041404,-8.484848484848499,8.136163672177717e-09,8.136163672177722e-09,2.411276614794443e-19,6.75,SURROUND_POORLY_IDENTIFIED
673,phase63_full_pipeline_null,-324.9547078449053,-316.4698593600567,-8.484848484848555,3.394696303413071e-09,3.3946963034130807e-09,1.239038907553457e-19,5.5,SURROUND_POORLY_IDENTIFIED
674,phase63_full_pipeline_null,-341.3579733577191,-332.8731248728706,-8.484848484848499,1.1373070928366386e-09,1.137307092836638e-09,2.1187623791880713e-22,1.25,SURROUND_POORLY_IDENTIFIED
675,phase63_full_pipeline_null,-295.08599176638637,-286.6021731915838,-8.48381857480257,2.48650211187225e-08,2.486331392832868e-08,5.0790237165642316e-06,1.0,AT_BOUND
676,phase63_full_pipeline_null,-323.4737398527699,-314.9888913625675,-8.48484849020241,3.746962464982199e-09,3.746962466319589e-09,3.3414197216538925e-18,3.5,SURROUND_POORLY_IDENTIFIED
677,phase63_full_pipeline_null,-324.12198041616904,-315.63713193110857,-8.484848485060468,3.5884826925680126e-09,3.5884826926187332e-09,6.121697597992134e-13,4.5,SURROUND_POORLY_IDENTIFIED
678,phase63_full_pipeline_null,-322.0893622397907,-314.34413411030454,-7.745228129486179,4.1092369045405036e-09,3.9115328076125586e-09,0.00015624637666482752,2.0,OK
679,phase63_full_pipeline_null,-316.4969495429074,-308.0121010580588,-8.484848484848555,5.96592942447316e-09,5.9659294244731675e-09,6.950986064077159e-19,4.5,SURROUND_POORLY_IDENTIFIED
680,phase63_full_pipeline_null,-300.0830150639644,-291.5981665791159,-8.484848484848499,1.7820102161529272e-08,1.782010216152927e-08,1.1901545739246853e-22,7.0,SURROUND_POORLY_IDENTIFIED
681,phase63_full_pipeline_null,-337.62677471679956,-332.2405587712632,-5.386215945536378,1.458501946343004e-09,1.1862942138378914e-09,0.00027418301251989875,7.0,SURROUND_POORLY_IDENTIFIED
682,phase63_full_pipeline_null,-315.43603479284377,-306.48861010499024,-8.947424687853527,6.403165685325319e-09,6.603705427755261e-09,7.594590179210928e-05,1.0,AT_BOUND
683,phase63_full_pipeline_null,-302.24790607087004,-307.2329079502422,4.985001879372135,1.5425177667375593e-08,6.284027292694484e-09,0.00013073262440735928,2.25,OK
684,phase63_full_pipeline_null,-280.11135928489404,-269.6319438305001,-10.479415454393916,6.747592540553066e-08,7.707215067716362e-08,1.5390755229473723e-18,5.25,SURROUND_POORLY_IDENTIFIED
685,phase63_full_pipeline_null,-291.0143724726602,-282.52952398781173,-8.484848484848499,3.261927357886412e-08,3.261927357886412e-08,8.190429129169704e-22,4.75,SURROUND_POORLY_IDENTIFIED
686,phase63_full_pipeline_null,-311.3563556646894,-307.51173090021416,-3.8446247644752134,8.404532258691209e-09,6.168297493898574e-09,0.0005540528632649801,3.0,OK
687,phase63_full_pipeline_null,-311.4230231088767,-300.8932124541428,-10.529810654733865,8.367261233159477e-09,9.589391448451585e-09,0.00041465121710986203,7.0,SURROUND_POORLY_IDENTIFIED
688,phase63_full_pipeline_null,-300.83226749260893,-303.4930765609539,2.6608090683449745,1.6951850350452593e-08,8.063382683127777e-09,0.00011587306810724259,2.25,OK
689,phase63_full_pipeline_null,-303.59049653807,-321.12511984345923,17.534623305389232,1.4104516379842354e-08,2.4889566436273553e-09,0.0015636604171827314,7.0,SURROUND_POORLY_IDENTIFIED
690,phase63_full_pipeline_null,-296.9276702734215,-287.57749853029475,-9.350171743126737,2.199210387952395e-08,2.3298097190301187e-08,1.244741385769796e-20,6.0,SURROUND_POORLY_IDENTIFIED
691,phase63_full_pipeline_null,-304.61421237638706,-295.706577003771,-8.907635372616085,1.3174028244424527e-08,1.355063116503293e-08,7.31951460982241e-05,1.0,AT_BOUND
692,phase63_full_pipeline_null,-297.06257533144696,-287.89577790348375,-9.166797427963218,2.1795200910300166e-08,2.2808951457729097e-08,1.2710631775900284e-24,6.75,SURROUND_POORLY_IDENTIFIED
693,phase63_full_pipeline_null,-315.7195532671399,-324.758998495994,9.039445228854106,6.283274581669373e-09,1.953465602472359e-09,0.0009546776151444845,7.0,SURROUND_POORLY_IDENTIFIED
694,phase63_full_pipeline_null,-307.0109926837228,-310.18020567769366,3.1692129939708593,1.122857625647689e-08,5.163034811784701e-09,0.000163666838410563,7.0,SURROUND_POORLY_IDENTIFIED
695,phase63_full_pipeline_null,-306.0386495005734,-298.5596400624252,-7.479009438148182,1.1980554285914181e-08,1.1203530174345805e-08,5.8579161861438535e-05,7.0,SURROUND_POORLY_IDENTIFIED
696,phase63_full_pipeline_null,-299.4494305536185,-290.96458206877,-8.484848484848499,1.85889277712393e-08,1.8588927771239323e-08,3.989370432688241e-19,1.0,SURROUND_POORLY_IDENTIFIED
697,phase63_full_pipeline_null,-323.74445934237923,-315.25961085753073,-8.484848484848499,3.679944006482996e-09,3.6799440064829975e-09,9.795506741182765e-25,7.0,SURROUND_POORLY_IDENTIFIED
698,phase63_full_pipeline_null,-329.94179478228153,-321.1602808794748,-8.78151390280675,2.4345010804346425e-09,2.483129189993397e-09,0.0001274315768495456,1.0,AT_BOUND
699,phase63_full_pipeline_null,-300.43798164755185,-291.9531331627033,-8.484848484848555,1.740334999418349e-08,1.7403349994183517e-08,3.7543251595003013e-19,3.5,SURROUND_POORLY_IDENTIFIED
700,phase63_full_pipeline_null,-298.7260158852604,-290.2773957221554,-8.448620163104977,1.9507397779041865e-08,1.9460339943922203e-08,3.858705593447622e-05,1.5,OK
701,phase63_full_pipeline_null,-310.4374245248863,-318.25075793689257,7.813333412006273,8.93550968769811e-09,3.0146620403538757e-09,0.0009922611440351743,2.5,OK
702,phase63_full_pipeline_null,-343.3410884158425,-338.34850640684584,-4.992582008996635,9.964618721819332e-10,7.894946933416567e-10,0.0002666833768883004,7.0,SURROUND_POORLY_IDENTIFIED
703,phase63_full_pipeline_null,-313.5007703072524,-305.0159218224039,-8.484848484848499,7.284946813356775e-09,7.284946813356781e-09,8.594889636802537e-19,4.5,SURROUND_POORLY_IDENTIFIED
704,phase63_full_pipeline_null,-312.8816007718344,-304.39675228698593,-8.484848484848499,7.591947209192459e-09,7.591947209192459e-09,3.7656341352172424e-22,4.75,SURROUND_POORLY_IDENTIFIED
705,phase63_full_pipeline_null,-331.83003835053665,-324.5651535586788,-7.264884791857867,2.146543632797918e-09,1.978874053333707e-09,0.0004888199990954108,7.0,SURROUND_POORLY_IDENTIFIED
706,phase63_full_pipeline_null,-303.88501197822353,-301.58978683291696,-2.295225145306574,1.3830284186865401e-08,9.154258108403243e-09,0.0014495754911885033,7.0,SURROUND_POORLY_IDENTIFIED
707,phase63_full_pipeline_null,-311.5332976272401,-297.07510208672437,-14.458195540515703,8.305973743968512e-09,1.2369059108660909e-08,0.00018504095932104112,1.0,AT_BOUND
708,phase63_full_pipeline_null,-319.70787099406203,-311.22302250921354,-8.484848484848499,4.816287612001252e-09,4.816287612001248e-09,8.216488422065793e-22,6.5,SURROUND_POORLY_IDENTIFIED
709,phase63_full_pipeline_null,-293.1093739272685,-283.9912514503261,-9.118122476942403,2.836728555460938e-08,2.959054339092571e-08,0.0001275071787193531,1.0,AT_BOUND
710,phase63_full_pipeline_null,-325.46581806064245,-305.1246558510224,-20.34116220962005,3.2809738655357436e-09,7.232329645299144e-09,0.00013717981701616194,1.0,AT_BOUND
711,phase63_full_pipeline_null,-305.262617782444,-297.2193336135795,-8.043284168864488,1.2616687053733467e-08,1.2250695195483652e-08,0.00015405706296426258,1.25,OK
712,phase63_full_pipeline_null,-286.8152261034247,-270.90801475513405,-15.907211348290673,4.3157077245177547e-08,7.078666318971147e-08,4.317217982255442e-24,4.75,SURROUND_POORLY_IDENTIFIED
713,phase63_full_pipeline_null,-320.81056163587783,-304.3830614110408,-16.427500224837047,4.474930034557699e-09,7.598879732950163e-09,8.129931747662807e-05,5.5,AT_BOUND
714,phase63_full_pipeline_null,-302.31467817514107,-305.4106264390279,3.0959482638868394,1.5356665499124215e-08,7.095753437171179e-09,0.0014090564863823364,7.0,SURROUND_POORLY_IDENTIFIED
715,phase63_full_pipeline_null,-306.89568023465887,-298.8975366196735,-7.998143614985395,1.1315228541146544e-08,1.0953975893168915e-08,0.0002927120338837507,7.0,SURROUND_POORLY_IDENTIFIED
716,phase63_full_pipeline_null,-313.27470479994287,-305.45628726631134,-7.818417533631532,7.39557000220431e-09,7.074186414618679e-09,0.0003048292757411766,5.25,AT_BOUND
717,phase63_full_pipeline_null,-299.967810481654,-287.37196267960763,-12.595847802046364,1.7957492916072725e-08,2.3619534002336474e-08,0.00024584547718208797,1.0,AT_BOUND
718,phase63_full_pipeline_null,-311.75841413922,-303.2735656543715,-8.484848484848499,8.18225034962017e-09,8.182250349620172e-09,3.881616110238974e-21,7.0,SURROUND_POORLY_IDENTIFIED
719,phase63_full_pipeline_null,-310.4599210609768,-297.66381769155515,-12.796103369421644,8.922118530951105e-09,1.1893005023866598e-08,2.9367739023116795e-23,7.0,SURROUND_POORLY_IDENTIFIED
720,phase63_full_pipeline_null,-301.27480830228865,-303.35833755747467,2.083529255186022,1.6459030159162902e-08,8.136139108018962e-09,0.0013236082821584557,7.0,SURROUND_POORLY_IDENTIFIED
721,phase63_full_pipeline_null,-324.1064524882999,-318.0175483484917,-6.088904139808221,3.5921993960202135e-09,3.0618981589691154e-09,6.648869539697964e-05,7.0,SURROUND_POORLY_IDENTIFIED
722,phase63_full_pipeline_null,-307.8279651198016,-294.7060454596669,-13.121919660134722,1.0633369807337805e-08,1.4485312856276006e-08,0.00016593374874213407,1.0,AT_BOUND
723,phase63_full_pipeline_null,-345.542270647664,-338.1249888332457,-7.417281814418288,8.604585071858875e-10,8.013471778615702e-10,7.453580765240874e-05,1.5,OK
724,phase63_full_pipeline_null,-306.12686793212106,-297.64201944727256,-8.484848484848499,1.1910300696583698e-08,1.1910300696583695e-08,2.200429676361765e-23,4.75,SURROUND_POORLY_IDENTIFIED
725,phase63_full_pipeline_null,-292.32879560192,-283.8439471170715,-8.484848484848499,2.9882562584860285e-08,2.988256258486028e-08,7.277321771739864e-21,6.75,SURROUND_POORLY_IDENTIFIED
726,phase63_full_pipeline_null,-308.8849660635331,-300.4001175786846,-8.484848484848499,9.909861987859248e-09,9.909861987859248e-09,2.5959745689364437e-24,4.75,SURROUND_POORLY_IDENTIFIED
727,phase63_full_pipeline_null,-295.2924417248367,-286.8075932399882,-8.484848484848499,2.452513992746468e-08,2.4525139927464682e-08,6.668237840860378e-20,5.25,SURROUND_POORLY_IDENTIFIED
728,phase63_full_pipeline_null,-315.7332222255406,-312.3668815363917,-3.366340689148899,6.277551468440158e-09,4.462665163479043e-09,8.952629619637972e-05,7.0,SURROUND_POORLY_IDENTIFIED
729,phase63_full_pipeline_null,-328.0118074978838,-319.5269590130351,-8.484848484848726,2.768782407274634e-09,2.7687824072746837e-09,7.384737587535032e-18,5.25,SURROUND_POORLY_IDENTIFIED
730,phase63_full_pipeline_null,-307.2970264734863,-299.1576041505865,-8.139422322899804,1.1016488015224612e-08,1.0765694573913475e-08,3.328005177289804e-05,7.0,SURROUND_POORLY_IDENTIFIED
731,phase63_full_pipeline_null,-317.2889667339312,-303.0285075161503,-14.26045921778092,5.659093443150601e-09,8.317023395539948e-09,7.334036486482314e-05,1.0,AT_BOUND
732,phase63_full_pipeline_null,-322.6968097889005,-325.9684723342412,3.271662545340689,3.946151657165783e-09,1.8021374596436735e-09,0.00033019722239736784,2.75,OK
733,phase63_full_pipeline_null,-321.7484850533614,-315.9989756824504,-5.749509370910971,4.2036890669353295e-09,3.502953774339136e-09,0.00011415005293013061,1.0,AT_BOUND
734,phase63_full_pipeline_null,-300.59075743174304,-292.1059089468946,-8.484848484848442,1.722699557863888e-08,1.7226995578638873e-08,1.8029144620674829e-22,7.0,SURROUND_POORLY_IDENTIFIED
735,phase63_full_pipeline_null,-300.84910533676833,-292.36425685191983,-8.484848484848499,1.6932832185651814e-08,1.6932832185651837e-08,4.32570237419818e-18,5.25,SURROUND_POORLY_IDENTIFIED
736,phase63_full_pipeline_null,-297.39450632824764,-289.957922182463,-7.43658414578465,2.1318197926695e-08,1.9879256108523768e-08,0.0001967319870785473,1.5,OK
737,phase63_full_pipeline_null,-316.9162601183917,-308.43141163354295,-8.484848484848726,5.801467008292831e-09,5.801467008292907e-09,2.8962550377475037e-18,5.5,SURROUND_POORLY_IDENTIFIED
738,phase63_full_pipeline_null,-323.0814430562668,-314.8931295268782,-8.188313529388552,3.846249902005914e-09,3.770960053516109e-09,0.00014345090925156447,7.0,SURROUND_POORLY_IDENTIFIED
739,phase63_full_pipeline_null,-298.8467105615397,-293.89049158697327,-4.956218974566411,1.9351064969758042e-08,1.5294686611766924e-08,0.0011704735241087547,7.0,SURROUND_POORLY_IDENTIFIED
740,phase63_full_pipeline_null,-333.8459543963567,-327.68279159830973,-6.163162798046983,1.8766054495851627e-09,1.6075085357199581e-09,0.00040537376059098743,2.5,OK
741,phase63_full_pipeline_null,-315.82442009560793,-307.7476977744524,-8.076722321155557,6.239500635936794e-09,6.0720224778611415e-09,0.00034927157042019845,7.0,SURROUND_POORLY_IDENTIFIED
742,phase63_full_pipeline_null,-309.8396218230035,-297.5757228499736,-12.263898973029882,9.298812505202732e-09,1.1963058025681312e-08,8.027559297299918e-05,1.0,AT_BOUND
743,phase63_full_pipeline_null,-324.6969858642246,-321.1803244625027,-3.5166614017218762,3.4535261042954763e-09,2.4798133521232504e-09,0.00011707050672723054,7.0,SURROUND_POORLY_IDENTIFIED
744,phase63_full_pipeline_null,-294.88833591178735,-292.59999021522316,-2.2883456965641926,2.5194837148671986e-08,1.6668803400778273e-08,9.11755252907558e-05,1.75,AT_BOUND
745,phase63_full_pipeline_null,-319.68285224937665,-311.19800376452815,-8.484848484848499,4.824327479723703e-09,4.8243274797237055e-09,2.8939608897602884e-24,4.25,SURROUND_POORLY_IDENTIFIED
746,phase63_full_pipeline_null,-319.31406172362955,-319.35531887578753,0.04125715215798209,4.944408675718387e-09,2.8006466451622445e-09,0.0006944293303161051,7.0,SURROUND_POORLY_IDENTIFIED
747,phase63_full_pipeline_null,-317.05710195577166,-310.96628672480097,-6.090815230970691,5.747249325691359e-09,4.8994313398208435e-09,4.733101776363607e-05,1.0,AT_BOUND
748,phase63_full_pipeline_null,-331.8900984519441,-329.4021606464472,-2.4879378054968697,2.1379660414071607e-09,1.4334166838171725e-09,0.00012727944357081932,1.5,OK
749,phase63_full_pipeline_null,-324.2607681446794,-320.5935193208766,-3.6672488238027654,3.5554333324187896e-09,2.5787470434022663e-09,2.811374516889316e-05,2.25,AT_BOUND
750,phase63_full_pipeline_null,-324.5942464328226,-325.5655888266151,0.9713423937924972,3.4772615174852127e-09,1.8511967808386146e-09,0.00010367595408344876,1.25,AT_BOUND
751,phase63_full_pipeline_null,-293.2580812205759,-301.8808440303917,8.62276280981581,2.8087446831655255e-08,8.978342827450079e-09,0.0003310358929202772,7.0,SURROUND_POORLY_IDENTIFIED
752,phase63_full_pipeline_null,-321.98558834283796,-313.50073985714914,-8.484848485688815,4.137764238986483e-09,4.137764239218278e-09,4.491445142375131e-18,6.5,SURROUND_POORLY_IDENTIFIED
753,phase63_full_pipeline_null,-314.8211049528379,-308.1038282726079,-6.717276680229986,6.67112044828831e-09,5.929558206279244e-09,0.0005973944355671338,6.25,AT_BOUND
754,phase63_full_pipeline_null,-311.2199264713812,-302.7350779865327,-8.484848484848499,8.481322514157463e-09,8.481322514157461e-09,8.034702557760194e-22,4.75,SURROUND_POORLY_IDENTIFIED
755,phase63_full_pipeline_null,-326.05560414790966,-320.7662602443588,-5.289343903550844,3.154472275972216e-09,2.5492203754688862e-09,0.00010550627020779177,1.25,AT_BOUND
756,phase63_full_pipeline_null,-335.6892842233938,-327.96022625785776,-7.729057965536072,1.6595987855459543e-09,1.5780498981850848e-09,0.00024071227736462218,4.5,AT_BOUND
757,phase63_full_pipeline_null,-312.05079047637815,-304.4942679743989,-7.556522501979259,8.024308209170553e-09,7.542751696870184e-09,0.00033663143962143626,7.0,SURROUND_POORLY_IDENTIFIED
758,phase63_full_pipeline_null,-288.0215190399935,-280.07878208811684,-7.942736951876668,3.982229335127703e-08,3.8408781604392825e-08,0.0009331508222837114,7.0,SURROUND_POORLY_IDENTIFIED
759,phase63_full_pipeline_null,-303.3187170848967,-294.8338686000482,-8.484848484848499,1.4362400091342182e-08,1.4362400091342182e-08,1.6140653930069946e-22,4.75,SURROUND_POORLY_IDENTIFIED
760,phase63_full_pipeline_null,-320.6499579248256,-314.9066917615677,-5.7432661632579425,4.523100142333772e-09,3.767552084720663e-09,4.4681277032505505e-05,1.0,AT_BOUND
761,phase63_full_pipeline_null,-310.6468069298753,-308.213846928643,-2.4329600012322885,8.81164695425388e-09,5.886226508723652e-09,0.0016818370259455517,7.0,SURROUND_POORLY_IDENTIFIED
762,phase63_full_pipeline_null,-331.6783770940843,-324.7385930707075,-6.939784023376774,2.1683568881214072e-09,1.956124830578342e-09,2.3680999176096737e-05,1.0,AT_BOUND
763,phase63_full_pipeline_null,-298.1188430418013,-306.6625470220994,8.543703980298062,2.0313221033097586e-08,6.527572480933867e-09,0.00010921202102636795,2.0,AT_BOUND
764,phase63_full_pipeline_null,-336.5586639527613,-328.07381546791277,-8.484848484848555,1.5661450676604098e-09,1.5661450676604123e-09,5.4052014029083623e-05,1.5,AT_BOUND
765,phase63_full_pipeline_null,-292.6604918517599,-284.17564336691134,-8.484848484848555,2.9229019545402856e-08,2.9229019545402896e-08,4.381836220697514e-18,7.0,SURROUND_POORLY_IDENTIFIED
766,phase63_full_pipeline_null,-330.88497773316834,-322.40012924831984,-8.484848484848499,2.2861358191279714e-09,2.286135819127971e-09,6.69526051735924e-05,1.5,AT_BOUND
767,phase63_full_pipeline_null,-290.6038297499655,-303.0188374951434,12.415007745177888,3.352437689098582e-08,8.32238684357265e-09,0.00021610162213489843,4.25,OK
768,phase63_full_pipeline_null,-314.5907143466693,-312.30577532178745,-2.284939024881851,6.774375618014388e-09,4.480882015393874e-09,0.0006948181230629779,7.0,SURROUND_POORLY_IDENTIFIED
769,phase63_full_pipeline_null,-332.36060310609616,-342.32353541730055,9.962932311204383,2.0719453575022914e-09,6.057038547553312e-10,0.00033893492497476864,1.5,OK
770,phase63_full_pipeline_null,-294.56721571603026,-302.0630135891735,7.49579787314326,2.5740023406870365e-08,8.86996355624104e-09,0.00023492225363623936,2.25,OK
771,phase63_full_pipeline_null,-310.4466574335202,-308.215290619805,-2.2313668137152263,8.93001133042975e-09,5.885660009773244e-09,8.968956443308437e-05,1.0,AT_BOUND
772,phase63_full_pipeline_null,-311.29911148070886,-310.5092308582892,-0.7898806224196733,8.436667577752697e-09,5.051016632460149e-09,0.00018819145136599524,1.75,OK
773,phase63_full_pipeline_null,-312.5637238391973,-307.8583711776021,-4.705352661595157,7.754551050343754e-09,6.027386587772708e-09,0.0001444266757051553,1.75,OK
774,phase63_full_pipeline_null,-334.1364223818818,-325.871371028394,-8.26505135348782,1.840615451986529e-09,1.8138412940694767e-09,0.0001379415946712224,7.0,SURROUND_POORLY_IDENTIFIED
775,phase63_full_pipeline_null,-308.0834522805013,-299.5986037956528,-8.484848484848499,1.045379085522058e-08,1.0453790855220578e-08,3.244523056479052e-23,4.25,SURROUND_POORLY_IDENTIFIED
776,phase63_full_pipeline_null,-313.10021316049284,-306.7211548791658,-6.3790582813270476,7.482103346850812e-09,6.502117772517008e-09,0.0009577341628734679,3.0,OK
777,phase63_full_pipeline_null,-307.673429607022,-297.77958302069055,-9.893846586331449,1.0743484940384234e-08,1.1801571794895518e-08,8.325559940649152e-21,6.75,SURROUND_POORLY_IDENTIFIED
778,phase63_full_pipeline_null,-306.3493754284699,-322.11864541091114,15.769269982441244,1.1734929215394808e-08,2.329441562745463e-09,0.00015764681075858535,1.0,AT_BOUND
779,phase63_full_pipeline_null,-306.0459809741645,-328.1296189943773,22.083638020212845,1.1974700042214944e-08,1.5603294642251246e-09,0.0001910011483399818,1.5,OK
780,phase63_full_pipeline_null,-320.62730965977255,-312.14246117492405,-8.484848484848499,4.529934658759005e-09,4.529934658759007e-09,6.956195291526645e-05,1.75,AT_BOUND
781,phase63_full_pipeline_null,-304.65221157295656,-296.16736308810806,-8.484848484848499,1.3140696981698542e-08,1.3140696981698539e-08,3.1534733961109423e-23,4.75,SURROUND_POORLY_IDENTIFIED
782,phase63_full_pipeline_null,-309.13834680917074,-300.65349832432224,-8.484848484848499,9.743870025798492e-09,9.743870025798497e-09,0.00010477627895598489,1.25,AT_BOUND
783,phase63_full_pipeline_null,-308.1965236507235,-299.7128627299825,-8.483660920741045,1.0375285486879452e-08,1.0374464098284993e-08,0.0001262193586967358,1.75,OK
784,phase63_full_pipeline_null,-318.5257768082392,-317.3986199664467,-1.1271568417924982,5.2111976541178735e-09,3.1908806010074868e-09,0.00011798707779269113,1.0,AT_BOUND
785,phase63_full_pipeline_null,-314.67680499226293,-301.318875106584,-13.357929885678914,6.735606288959888e-09,9.32109321748378e-09,3.169067424592446e-05,1.0,AT_BOUND
786,phase63_full_pipeline_null,-310.84182947937416,-308.6746664711539,-2.167163008220257,8.69782383649609e-09,5.708143439538378e-09,0.00035167753329001604,1.5,OK
787,phase63_full_pipeline_null,-329.8210177958926,-334.48296813242655,4.661950336533948,2.454182322397894e-09,1.0215697192435764e-09,0.0002551829429697861,7.0,SURROUND_POORLY_IDENTIFIED
788,phase63_full_pipeline_null,-300.35561628691,-304.4152716652267,4.059655378316734,1.7499175055513358e-08,7.582579783548902e-09,0.00014040359986244822,4.0,OK
789,phase63_full_pipeline_null,-329.4233594372198,-320.93851095230326,-8.48484848491654,2.5201141466304715e-09,2.520114146641911e-09,8.386922852643558e-16,7.0,SURROUND_POORLY_IDENTIFIED
790,phase63_full_pipeline_null,-331.7777927846292,-323.2929442997807,-8.484848484848499,2.1540331608366736e-09,2.154033160836677e-09,8.898010438113448e-05,1.25,AT_BOUND
791,phase63_full_pipeline_null,-299.53936738563533,-294.83842098951243,-4.700946396122902,1.847780595066486e-08,1.435804187012922e-08,0.00020342361504138912,7.0,SURROUND_POORLY_IDENTIFIED
792,phase63_full_pipeline_null,-299.5168865132836,-293.38206543419227,-6.134821079091353,1.8505519859700113e-08,1.58219871534719e-08,0.00027126438790733604,1.0,AT_BOUND
793,phase63_full_pipeline_null,-316.3817882581162,-307.8966536596839,-8.485134598432296,6.0119086393097355e-09,6.0120233129851345e-09,0.00014501261600878527,1.0,AT_BOUND
794,phase63_full_pipeline_null,-312.10812356499156,-303.63560290799086,-8.4725206570007,7.993696190916115e-09,7.98712922913096e-09,4.1655924254554246e-06,1.0,AT_BOUND
795,phase63_full_pipeline_null,-319.4485702833491,-310.9637217985006,-8.484848484848499,4.900269190139622e-09,4.9002691901396215e-09,7.217635520665334e-25,6.75,SURROUND_POORLY_IDENTIFIED
796,phase63_full_pipeline_null,-305.88813206807134,-297.6923459782698,-8.195786089801516,1.210137829414527e-08,1.1870407382596546e-08,2.4704335382871546e-05,1.0,AT_BOUND
797,phase63_full_pipeline_null,-317.5956098832278,-314.34158745059807,-3.2540224326297107,5.544579776509315e-09,3.912196953522201e-09,0.00019187201086632243,1.0,AT_BOUND
798,phase63_full_pipeline_null,-297.74451167607657,-289.25966319122807,-8.484848484848499,2.082652429589995e-08,2.0826524295899958e-08,2.0623292881566228e-22,4.75,SURROUND_POORLY_IDENTIFIED
799,phase63_full_pipeline_null,-315.64359996634323,-315.9408688106343,0.29726884429106804,6.31517096432279e-09,3.5165498038246393e-09,0.00015958499093380376,7.0,SURROUND_POORLY_IDENTIFIED
800,phase63_full_pipeline_null,-323.51337206748644,-315.8265257585422,-7.6868463089442685,3.7370755040760176e-09,3.543458436523759e-09,0.00018146058464756716,2.0,OK
801,phase63_full_pipeline_null,-309.24261921368696,-296.5811714557862,-12.66144775790076,9.676370458561968e-09,1.2783136353143239e-08,4.793496565575491e-05,1.0,AT_BOUND
802,phase63_full_pipeline_null,-315.9675705359228,-307.5409095023318,-8.426661033591017,6.180238050333741e-09,6.1563103367402984e-09,6.5303864644110645e-06,1.75,OK
803,phase63_full_pipeline_null,-299.4342955976489,-297.78725788909895,-1.6470377085499308,1.8607693410440682e-08,1.1795534972052043e-08,0.00017344759247083804,7.0,SURROUND_POORLY_IDENTIFIED
804,phase63_full_pipeline_null,-343.13554261409575,-337.8697766144395,-5.265765999656253,1.0102104259264887e-09,8.150980653814126e-10,0.0006408293871093477,4.75,AT_BOUND
805,phase63_full_pipeline_null,-307.00689443158103,-298.7012356827946,-8.305658748786414,1.1231644511386679e-08,1.1098269716278887e-08,1.8772902003081116e-05,1.0,AT_BOUND
806,phase63_full_pipeline_null,-318.6145548413879,-311.13336968304856,-7.481185158339372,5.180446087465697e-09,4.8451600623459215e-09,0.00037817101517051844,2.75,OK
807,phase63_full_pipeline_null,-329.63037492188744,-327.18683398134255,-2.4435409405448922,2.4855728707475693e-09,1.6615473856070074e-09,0.0001011431390941379,1.0,AT_BOUND
808,phase63_full_pipeline_null,-311.4742445284478,-302.9893960435993,-8.484848484848499,8.338737761414346e-09,8.338737761414347e-09,1.0316026076461614e-24,7.0,SURROUND_POORLY_IDENTIFIED
809,phase63_full_pipeline_null,-316.08654523757457,-318.5470913548889,2.4605461173143226,6.131412474703801e-09,2.955690129477726e-09,9.160428576415026e-05,1.0,AT_BOUND
810,phase63_full_pipeline_null,-317.42021409017025,-308.9389174083369,-8.481296681833328,5.60979337094535e-09,5.608465202797318e-09,7.049714477680162e-05,1.25,OK
811,phase63_full_pipeline_null,-312.59705760101593,-308.448743574338,-4.1483140266779515,7.737337626518471e-09,5.794767500706429e-09,7.164450447290862e-05,1.0,AT_BOUND
812,phase63_full_pipeline_null,-316.6723536310295,-308.90104444454494,-7.7713091864845865,5.8965725036773935e-09,5.622643707969118e-09,2.6903784434073792e-05,1.0,AT_BOUND
813,phase63_full_pipeline_null,-304.7620391104048,-301.62186728455845,-3.14017182584638,1.3044834329270183e-08,9.134700847079735e-09,0.00019458137362151495,7.0,SURROUND_POORLY_IDENTIFIED
814,phase63_full_pipeline_null,-318.8305148130816,-314.189049228626,-4.641465584455602,5.1063958302631695e-09,3.95218389799225e-09,0.0005451528899945808,7.0,SURROUND_POORLY_IDENTIFIED
815,phase63_full_pipeline_null,-311.80461638039253,-302.47990740840606,-9.324708971986468,8.157086570016264e-09,8.62683562514652e-09,1.587722459166508e-05,1.0,AT_BOUND
816,phase63_full_pipeline_null,-300.33570865456073,-288.644233542603,-11.691475111957743,1.7522414950039422e-08,2.169877970336732e-08,3.972718042309186e-05,1.0,AT_BOUND
817,phase63_full_pipeline_null,-322.56205285919106,-319.5854132900331,-2.9766395691579532,3.981762798021729e-09,2.7580135920941973e-09,0.0005075380218555459,7.0,SURROUND_POORLY_IDENTIFIED
818,phase63_full_pipeline_null,-313.1073327955135,-304.73972974383196,-8.367603051681556,7.478552866520495e-09,7.420325647469551e-09,0.00035553401652762043,4.25,AT_BOUND
819,phase63_full_pipeline_null,-313.7964058442355,-305.35477008546474,-8.441635758770758,7.142773190532955e-09,7.122225555300426e-09,0.0001062251625291643,1.25,OK
820,phase63_full_pipeline_null,-310.82104719661066,-322.6791295357845,11.858082339173848,8.709882897353994e-09,2.2440066651942563e-09,0.0007907977085555246,2.25,OK
821,phase63_full_pipeline_null,-309.4981076340089,-301.0132591491604,-8.484848484848499,9.512952746850412e-09,9.512952746850412e-09,1.0502221099097089e-21,5.75,SURROUND_POORLY_IDENTIFIED
822,phase63_full_pipeline_null,-315.5961538698649,-314.8384769382957,-0.7576769315692218,6.335177936790125e-09,3.784724629169653e-09,0.0004900948568650289,1.5,OK
823,phase63_full_pipeline_null,-308.524128810819,-304.61605009294976,-3.9080787178692162,1.0151142274745168e-08,7.481761463787603e-09,0.00010857533373620875,7.0,SURROUND_POORLY_IDENTIFIED
824,phase63_full_pipeline_null,-310.08491477460876,-329.7091490993955,19.624234324786755,9.147986870735395e-09,1.4043786837090388e-09,8.91953698206631e-05,3.75,AT_BOUND
825,phase63_full_pipeline_null,-284.6378526022949,-276.1530041174464,-8.484848484848499,4.989918412588199e-08,4.9899184125882074e-08,7.410601792375346e-18,4.5,SURROUND_POORLY_IDENTIFIED
826,phase63_full_pipeline_null,-320.32673200945004,-311.93553679832445,-8.391195211125591,4.62162338448856e-09,4.592857933230798e-09,2.0848502079748858e-05,1.0,AT_BOUND
827,phase63_full_pipeline_null,-308.0353628882313,-301.5334142158754,-6.5019486723559226,1.0487359065573102e-08,9.188726135373882e-09,0.0003256424774324645,1.5,OK
828,phase63_full_pipeline_null,-300.34655000198336,-305.28460571008213,4.938055708098773,1.750975508637941e-08,7.155618695201325e-09,0.00041134633911488097,7.0,SURROUND_POORLY_IDENTIFIED
829,phase63_full_pipeline_null,-297.9545213872823,-289.49981984602624,-8.454701541256043,2.0536971167796676e-08,2.0495737489897935e-08,1.0438078712106884e-05,1.0,AT_BOUND
830,phase63_full_pipeline_null,-300.3087598092249,-291.8239113243764,-8.484848484848499,1.7553923835860485e-08,1.7553923835860478e-08,5.441135908236996e-22,7.0,SURROUND_POORLY_IDENTIFIED
831,phase63_full_pipeline_null,-323.2145892487207,-314.7297407638722,-8.484848484848499,3.81226007705972e-09,3.8122600770597205e-09,0.00013476976754443255,4.0,AT_BOUND
832,phase63_full_pipeline_null,-307.3198395808052,-298.9544622890205,-8.365377291784682,1.0999746061426806e-08,1.0912483847734175e-08,6.832371516254877e-05,1.0,AT_BOUND
833,phase63_full_pipeline_null,-294.2043863421882,-285.7195378573397,-8.484848484848499,2.6370230371515048e-08,2.637023037151504e-08,1.6271870495139813e-21,7.0,SURROUND_POORLY_IDENTIFIED
834,phase63_full_pipeline_null,-336.7212192862989,-330.9334472087343,-5.7877720775645685,1.5492643522886386e-09,1.2943066068432129e-09,1.4363995601772314e-05,2.25,AT_BOUND
835,phase63_full_pipeline_null,-323.42904686989476,-311.78986802840535,-11.63917884148941,3.758143308838113e-09,4.63767760624974e-09,4.095145258943495e-05,1.0,AT_BOUND
836,phase63_full_pipeline_null,-303.18472061941424,-291.3793452811688,-11.805375338245426,1.4491275586217767e-08,1.8081968776229737e-08,0.000219927020094555,2.25,OK
837,phase63_full_pipeline_null,-302.6620068217629,-295.76304842537536,-6.898958396387513,1.500516343911468e-08,1.3499712180387565e-08,0.0006504974794312821,7.0,SURROUND_POORLY_IDENTIFIED
838,phase63_full_pipeline_null,-301.13397313424207,-299.7789456969185,-1.3550274373235425,1.6614291914327937e-08,1.0328859603523575e-08,0.0011502439245145717,7.0,SURROUND_POORLY_IDENTIFIED
839,phase63_full_pipeline_null,-319.16645694802907,-305.60968921978093,-13.556767728248133,4.993303406567982e-09,7.002208824364184e-09,0.00010211759762153853,1.0,AT_BOUND
840,phase63_full_pipeline_null,-317.6355802300041,-309.1507317451556,-8.484848484848499,5.529824858786193e-09,5.5298248587861885e-09,1.0443761078657184e-24,6.5,SURROUND_POORLY_IDENTIFIED
841,phase63_full_pipeline_null,-286.77144083537297,-278.2865923505245,-8.484848484848499,4.328323756741496e-08,4.3283237567414974e-08,2.660413896836944e-18,4.75,SURROUND_POORLY_IDENTIFIED
842,phase63_full_pipeline_null,-300.986158937904,-301.26395401388334,0.27779507597932707,1.677882313169645e-08,9.355284080917826e-09,0.0001810637057286013,7.0,SURROUND_POORLY_IDENTIFIED
843,phase63_full_pipeline_null,-303.5275474572137,-301.3291840505095,-2.198363406704175,1.4163831844056867e-08,9.314689376476887e-09,6.21190977103668e-05,2.75,AT_BOUND
844,phase63_full_pipeline_null,-294.51847268609697,-302.001583573248,7.483110887151042,2.582380257025101e-08,8.90636350718688e-09,0.00016418155068057168,1.25,AT_BOUND
845,phase63_full_pipeline_null,-299.13508450176613,-291.4417618108081,-7.693322690958041,1.8982595362708553e-08,1.800688418588378e-08,0.00012981750442376129,1.25,OK
846,phase63_full_pipeline_null,-309.6783328714344,-301.19348438658585,-8.484848484848555,9.399338375043622e-09,9.399338375043626e-09,1.0392661821193914e-23,4.25,SURROUND_POORLY_IDENTIFIED
847,phase63_full_pipeline_null,-325.988486610884,-317.57881580802035,-8.409670802863673,3.168618595225546e-09,3.152777697710264e-09,0.00010264680518027257,2.0,OK
848,phase63_full_pipeline_null,-289.9737510942185,-305.93963686947154,15.965885775253014,3.496257089649667e-08,6.849866312356666e-09,0.007812129778279676,4.25,AT_BOUND
849,phase63_full_pipeline_null,-313.4934593107366,-305.0086108258881,-8.484848484848499,7.2884983601827105e-09,7.288498360182711e-09,1.1297881416540067e-21,4.75,SURROUND_POORLY_IDENTIFIED
850,phase63_full_pipeline_null,-305.84283860331794,-297.35799011846115,-8.484848484856798,1.213797440858192e-08,1.2137974408588647e-08,1.0490305500939593e-13,3.75,SURROUND_POORLY_IDENTIFIED
851,phase63_full_pipeline_null,-301.37506255679193,-287.2193763270626,-14.155686229729326,1.6349391106785786e-08,2.3861028112890384e-08,0.00013250864090721387,1.0,AT_BOUND
852,phase63_full_pipeline_null,-318.7767859743412,-315.27901505881164,-3.497770915529543,5.124719341912694e-09,3.6751866592835557e-09,0.000693876249087194,7.0,SURROUND_POORLY_IDENTIFIED
853,phase63_full_pipeline_null,-307.6986893250831,-308.2931005803462,0.5944112552631395,1.0725408338279285e-08,5.855208194999564e-09,0.001580190371500154,7.0,SURROUND_POORLY_IDENTIFIED
854,phase63_full_pipeline_null,-338.74662513042546,-331.8539068866008,-6.892718243824675,1.3535802926694198e-09,1.2172705941170365e-09,8.087942898117005e-05,2.0,OK
855,phase63_full_pipeline_null,-341.0908210551435,-321.69261838513944,-19.398202670004082,1.157744160176058e-09,2.396550394876366e-09,5.951650641095538e-05,1.0,AT_BOUND
856,phase63_full_pipeline_null,-307.4915569673279,-298.87018883858434,-8.62136812874354,1.087454091573778e-08,1.0973965238758906e-08,3.757031723995977e-22,5.75,SURROUND_POORLY_IDENTIFIED
857,phase63_full_pipeline_null,-326.99352664776757,-332.60512889041587,5.611602242648303,2.963268995773794e-09,1.1578092797042532e-09,0.00011314004791471061,2.75,AT_BOUND
858,phase63_full_pipeline_null,-293.658977372891,-293.7102540456718,0.05127667278077297,2.7346712878887968e-08,1.5479573620590282e-08,0.00022892800585531226,7.0,SURROUND_POORLY_IDENTIFIED
859,phase63_full_pipeline_null,-304.0184907953327,-309.5162769434642,5.497786148131524,1.370776014261521e-08,5.39669356921667e-09,0.0006675620183305172,2.75,OK
860,phase63_full_pipeline_null,-307.418678586564,-306.710911323176,-0.707767263388007,1.092750406941423e-08,6.5065596095149e-09,0.000964672505326116,7.0,SURROUND_POORLY_IDENTIFIED
861,phase63_full_pipeline_null,-324.386334760241,-314.600835933955,-9.785498826286016,3.5257946444613664e-09,3.8451624997326655e-09,3.3182647980657665e-05,1.0,AT_BOUND
862,phase63_full_pipeline_null,-304.1302895211603,-294.9990750904097,-9.131214430750617,1.3605972596552894e-08,1.420508388935318e-08,2.03108378001226e-05,1.0,AT_BOUND
863,phase63_full_pipeline_null,-308.97802448760797,-302.3906913628666,-6.587333124741349,9.848572558400963e-09,8.678298661722207e-09,0.0004963249759376434,7.0,SURROUND_POORLY_IDENTIFIED
864,phase63_full_pipeline_null,-323.38393994587295,-338.8981014758548,15.514161529981834,3.7694615369706054e-09,7.610913886507436e-10,0.00031121031243312237,1.25,OK
865,phase63_full_pipeline_null,-304.0309221755697,-295.5460736907212,-8.484848484848499,1.3696404423605219e-08,1.3696404423605217e-08,5.6853286723505995e-21,4.75,SURROUND_POORLY_IDENTIFIED
866,phase63_full_pipeline_null,-308.4176342314872,-300.96653793098915,-7.4510963004980795,1.022346815651156e-08,9.542629389870686e-09,0.0004394821630473887,7.0,SURROUND_POORLY_IDENTIFIED
867,phase63_full_pipeline_null,-333.0143225413926,-324.5696152919575,-8.444707249435055,1.9835866719753292e-09,1.9782855269850867e-09,3.531505006783537e-05,2.0,OK
868,phase63_full_pipeline_null,-320.2169973257078,-339.0390644965056,18.822067170797823,4.655557516887275e-09,7.539725082622692e-10,0.00017018659704152078,7.0,SURROUND_POORLY_IDENTIFIED
869,phase63_full_pipeline_null,-330.3788463054454,-323.6680131259581,-6.710833179487281,2.3645910092975493e-09,2.1008402530593585e-09,0.0004446906789600925,2.75,OK
870,phase63_full_pipeline_null,-318.91353608958025,-310.4736174235731,-8.439918666007145,5.0782112661530055e-09,5.063023150003734e-09,6.302331553680786e-05,7.0,SURROUND_POORLY_IDENTIFIED
871,phase63_full_pipeline_null,-324.9768931963216,-316.4920447114726,-8.48484848484901,3.389679179186907e-09,3.3896791791870315e-09,2.3239222502311068e-17,7.0,SURROUND_POORLY_IDENTIFIED
872,phase63_full_pipeline_null,-338.8466137017382,-330.3617652168548,-8.4848484848834,1.3445874613390477e-09,1.3445874613421782e-09,2.0837490425034545e-14,4.25,SURROUND_POORLY_IDENTIFIED
873,phase63_full_pipeline_null,-311.74215259274735,-301.41827554603924,-10.323877046708105,8.191125562527963e-09,9.25952937440569e-09,3.60773417265818e-05,1.0,AT_BOUND
874,phase63_full_pipeline_null,-311.2262233133235,-302.7413748284139,-8.484848484909605,8.477762891533552e-09,8.477762891568069e-09,0.0001216512129868095,1.75,AT_BOUND
875,phase63_full_pipeline_null,-300.47133880709924,-291.2713539367416,-9.199984870357639,1.73646912401617e-08,1.821261825354076e-08,4.3185167831806105e-05,1.0,AT_BOUND
876,phase63_full_pipeline_null,-295.15801874719347,-286.4820891186521,-8.675929628541382,2.47459104936174e-08,2.5063158666875506e-08,5.071785559533112e-05,1.0,AT_BOUND
877,phase63_full_pipeline_null,-329.1464805041551,-319.077565515696,-10.068914988459085,2.5670638945240205e-09,2.852989026412361e-09,0.0003065911355625796,7.0,SURROUND_POORLY_IDENTIFIED
878,phase63_full_pipeline_null,-298.5886232083106,-290.1037747234621,-8.484848484848499,1.9686896825994263e-08,1.968689682599426e-08,2.871832348238989e-25,4.25,SURROUND_POORLY_IDENTIFIED
879,phase63_full_pipeline_null,-340.05331700200674,-331.56846851715824,-8.484848484848499,1.2406561081109904e-09,1.2406561081109906e-09,4.801524961928903e-24,6.0,SURROUND_POORLY_IDENTIFIED
880,phase63_full_pipeline_null,-306.5507768579623,-298.0659283731138,-8.484848484848499,1.1578420170231028e-08,1.157842017023103e-08,1.1727176304627223e-23,6.25,SURROUND_POORLY_IDENTIFIED
881,phase63_full_pipeline_null,-327.89295636869025,-319.99996993277693,-7.892986435913315,2.790807744290366e-09,2.6828337306332777e-09,6.774584134322181e-05,1.75,OK
882,phase63_full_pipeline_null,-283.8359474409485,-287.0107148258026,3.1747673848541353,5.2639405672160486e-08,2.4195272718835768e-08,0.0007186592171165313,1.0,AT_BOUND
883,phase63_full_pipeline_null,-310.57367495418436,-306.0120295776758,-4.561645376508579,8.854712728509476e-09,6.8168872662385724e-09,0.0004570439046265649,2.0,OK
884,phase63_full_pipeline_null,-323.4085118582942,-303.4582105601496,-19.95030129814461,3.763291733228759e-09,8.082147009721293e-09,4.957981162713323e-05,1.0,AT_BOUND
885,phase63_full_pipeline_null,-334.1809492899367,-325.6961008050881,-8.484848484848555,1.8351597591641415e-09,1.8351597591641465e-09,9.970678993463953e-19,7.0,SURROUND_POORLY_IDENTIFIED
886,phase63_full_pipeline_null,-312.3523004360559,-303.8674519512074,-8.484848484848499,7.864624536589718e-09,7.86462453658972e-09,4.710334761743467e-21,7.0,SURROUND_POORLY_IDENTIFIED
887,phase63_full_pipeline_null,-318.1242343899099,-312.4073908565004,-5.716843533409474,5.352582742002334e-09,4.450629453964739e-09,9.695058948847926e-05,1.0,AT_BOUND
888,phase63_full_pipeline_null,-305.5589617399359,-312.7589891321446,7.20002739220871,1.236987453000216e-08,4.347520364671968e-09,0.00018822479003980947,7.0,SURROUND_POORLY_IDENTIFIED
889,phase63_full_pipeline_null,-308.0245250916351,-292.02367819525404,-16.000846896381063,1.0494939127908087e-08,1.73216941656709e-08,6.324081836169079e-05,1.0,AT_BOUND
890,phase63_full_pipeline_null,-318.0136902915228,-309.52884180630093,-8.484848485221846,5.392174880938639e-09,5.392174881072864e-09,2.8638404395828146e-18,6.75,SURROUND_POORLY_IDENTIFIED
891,phase63_full_pipeline_null,-320.10359662086563,-322.5732320404017,2.4696354195360755,4.690887128971095e-09,2.2599050314313776e-09,0.0007153412206746617,7.0,SURROUND_POORLY_IDENTIFIED
892,phase63_full_pipeline_null,-298.82902050663944,-289.93548120757856,-8.893539299060876,1.937389985890573e-08,1.9909019025738598e-08,4.622565678892526e-05,1.0,AT_BOUND
893,phase63_full_pipeline_null,-303.23653253373163,-293.1010973395075,-10.135435194224158,1.4441307219188984e-08,1.6121145107007015e-08,0.0005321757429452035,7.0,SURROUND_POORLY_IDENTIFIED
894,phase63_full_pipeline_null,-321.27262873517174,-309.95787584431156,-11.314752890860177,4.3391837031181415e-09,5.240131205917667e-09,0.0001338848144042293,2.25,OK
895,phase63_full_pipeline_null,-305.04700650131156,-296.56215801646306,-8.484848484848499,1.2799350052739443e-08,1.279935005273944e-08,1.1973859419359888e-21,7.0,SURROUND_POORLY_IDENTIFIED
896,phase63_full_pipeline_null,-326.60265968081234,-318.28346197205906,-8.31919770875328,3.0415000986296466e-09,3.008096426131814e-09,0.00011722226424372043,4.75,AT_BOUND
897,phase63_full_pipeline_null,-319.50099395767654,-311.02594062799915,-8.475053329677394,4.8831730745050945e-09,4.8799853528931676e-09,6.855472693803778e-05,4.0,OK
898,phase63_full_pipeline_null,-325.37066647755,-316.8858179927015,-8.484848484848499,3.30185267440683e-09,3.3018526744068298e-09,1.3199393642378796e-20,1.25,SURROUND_POORLY_IDENTIFIED
899,phase63_full_pipeline_null,-307.21337448708204,-300.3692073113126,-6.844167175769428,1.107809638468042e-08,9.930304141951321e-09,5.5071407105228145e-05,1.0,AT_BOUND
900,phase63_full_pipeline_null,-314.5095646414499,-297.0038923941767,-17.505672247273196,6.8111241718251535e-09,1.2427918503179878e-08,6.532451714449486e-05,1.0,AT_BOUND
901,phase63_full_pipeline_null,-299.8678816319463,-301.3587187220771,1.4908370901308103,1.8077523730904576e-08,9.296367001141718e-09,0.0030438317346481933,3.75,OK
902,phase63_full_pipeline_null,-289.62068379340394,-287.02469258782435,-2.595991205579594,3.579527517580021e-08,2.4172736836232413e-08,0.000740998791476865,1.5,OK
903,phase63_full_pipeline_null,-311.49342184406424,-303.2115974429497,-8.281824401114534,8.328083599746698e-09,8.216122896788733e-09,0.00021578673178495185,2.25,OK
904,phase63_full_pipeline_null,-327.5517203688963,-319.0668718840452,-8.484848484851113,2.855023672501036e-09,2.8550236725015265e-09,3.341923905811955e-17,1.75,SURROUND_POORLY_IDENTIFIED
905,phase63_full_pipeline_null,-317.44273802944076,-308.9589524091821,-8.483785620258686,5.601376049221246e-09,5.6009791629988405e-09,1.8855370010863306e-05,3.75,OK
906,phase63_full_pipeline_null,-309.6564695104196,-301.1716210255711,-8.484848484848499,9.413048439432248e-09,9.413048439432248e-09,2.0601708637457423e-21,7.0,SURROUND_POORLY_IDENTIFIED
907,phase63_full_pipeline_null,-308.8570824583809,-298.98075182612445,-9.87633063225644,9.92830063233117e-09,1.08933749881273e-08,0.0008297478672431649,7.0,SURROUND_POORLY_IDENTIFIED
908,phase63_full_pipeline_null,-338.6546196202958,-330.6787418211106,-7.975877799185241,1.3619082635552175e-09,1.3164720539539702e-09,0.0003368434896115785,7.0,SURROUND_POORLY_IDENTIFIED
909,phase63_full_pipeline_null,-304.54771095526064,-296.06286247041214,-8.484848484848499,1.3232564012285735e-08,1.3232564012285733e-08,8.486808461308708e-22,7.0,SURROUND_POORLY_IDENTIFIED
910,phase63_full_pipeline_null,-311.8752789679224,-312.96649547324483,1.0912165053224498,8.118750216195349e-09,4.287791915352839e-09,0.00011514279975367084,2.25,OK
911,phase63_full_pipeline_null,-327.11605764856023,-320.91829259984,-6.197765048720214,2.9391614395498316e-09,2.5235132740234164e-09,0.0002957912380889476,7.0,SURROUND_POORLY_IDENTIFIED
912,phase63_full_pipeline_null,-307.1470976284728,-298.8801471908758,-8.266950437597018,1.1127152776839482e-08,1.0966682149153353e-08,2.0591704919723518e-05,1.0,AT_BOUND
913,phase63_full_pipeline_null,-305.4409911723778,-312.4978053794479,7.056814207070147,1.2467543503307045e-08,4.423883373487554e-09,0.0015526717784386085,5.0,AT_BOUND
914,phase63_full_pipeline_null,-294.8404758772125,-293.10681730767226,-1.7336585695402391,2.527535391667734e-08,1.6114998783187946e-08,0.0001555788961981139,1.0,AT_BOUND
915,phase63_full_pipeline_null,-295.6443023670294,-299.2086378432072,3.5643354761778028,2.3956539504535307e-08,1.0729129268088293e-08,0.0002416925798170493,7.0,SURROUND_POORLY_IDENTIFIED
916,phase63_full_pipeline_null,-320.9666213355096,-312.4817728506611,-8.484848484848499,4.428614303832061e-09,4.428614303832061e-09,2.1509941644499073e-23,5.75,SURROUND_POORLY_IDENTIFIED
917,phase63_full_pipeline_null,-325.60463549138314,-317.11978700653464,-8.484848484848499,3.250750176253204e-09,3.2507501762532037e-09,2.580660097077175e-24,2.5,SURROUND_POORLY_IDENTIFIED
918,phase63_full_pipeline_null,-330.71582932577513,-322.22691104970914,-8.488918276065988,2.312061469342138e-09,2.312688861614284e-09,5.01164818999033e-05,1.0,AT_BOUND
919,phase63_full_pipeline_null,-281.5180011143977,-273.0331526295492,-8.484848484848499,6.143592437729743e-08,6.143592437729746e-08,2.1668513133709406e-21,6.75,SURROUND_POORLY_IDENTIFIED
920,phase63_full_pipeline_null,-310.91008897272144,-302.42524048787294,-8.484848484848499,8.658333155221005e-09,8.658333155221004e-09,2.5090068189352578e-23,5.75,SURROUND_POORLY_IDENTIFIED
921,phase63_full_pipeline_null,-304.8979933179424,-296.4131448330939,-8.484848484848499,1.2927135183897166e-08,1.2927135183897166e-08,1.4477017812870454e-21,6.75,SURROUND_POORLY_IDENTIFIED
922,phase63_full_pipeline_null,-292.52302885279465,-284.03818036794615,-8.484848484848499,2.949811124612889e-08,2.9498111246128884e-08,7.443723201646513e-21,4.75,SURROUND_POORLY_IDENTIFIED
923,phase63_full_pipeline_null,-314.41666183035426,-306.7240251419957,-7.6926366883585615,6.85343991709888e-09,6.500873705750203e-09,7.362652473813012e-05,7.0,SURROUND_POORLY_IDENTIFIED
924,phase63_full_pipeline_null,-322.0960222058423,-313.63630450617455,-8.459717699667749,4.107412817630207e-09,4.100537078384817e-09,3.0145284019295946e-05,1.25,AT_BOUND
925,phase63_full_pipeline_null,-301.24239180334297,-292.75754331849447,-8.484848484848499,1.6494638230524765e-08,1.6494638230524765e-08,1.3548798380963781e-21,6.75,SURROUND_POORLY_IDENTIFIED
926,phase63_full_pipeline_null,-318.2265479307803,-313.5809156297612,-4.645632301019134,5.316197526867324e-09,4.11570667814849e-09,0.00018750233138572,2.5,OK
927,phase63_full_pipeline_null,-300.3685112049757,-289.71799714428954,-10.650514060686135,1.7484138157854354e-08,2.0199781428652334e-08,2.960234156459802e-05,1.0,AT_BOUND
928,phase63_full_pipeline_null,-311.99262505332314,-303.5208009498732,-8.471824103449933,8.05548443483125e-09,8.048492957150926e-09,9.693166826308189e-05,7.0,SURROUND_POORLY_IDENTIFIED
929,phase63_full_pipeline_null,-304.5022688340079,-318.80497897782755,14.302710143819638,1.3272712514572133e-08,2.905308734952663e-09,0.00026329602977543667,7.0,SURROUND_POORLY_IDENTIFIED
930,phase63_full_pipeline_null,-317.7011534764289,-312.45272237802436,-5.248431098404524,5.505703716044518e-09,4.437199503862718e-09,0.0004107452419862769,2.75,OK
931,phase63_full_pipeline_null,-321.5560384571613,-310.4283774264218,-11.127661030739546,4.257968898171562e-09,5.0783162773046314e-09,5.2180396437857495e-05,1.0,AT_BOUND
932,phase63_full_pipeline_null,-317.7389674044924,-296.1574391599392,-21.581528244553226,5.491841710331391e-09,1.3149393680424062e-08,6.647953629610449e-05,1.0,AT_BOUND
933,phase63_full_pipeline_null,-297.89679971145614,-292.71561384629064,-5.181185865165503,2.0616151977869437e-08,1.6540810164300766e-08,0.0001037711311304561,1.0,AT_BOUND
934,phase63_full_pipeline_null,-298.5179945882006,-292.93930418791297,-5.578690400287655,1.9779812628629213e-08,1.6295972331894723e-08,0.001051473269705357,7.0,SURROUND_POORLY_IDENTIFIED
935,phase63_full_pipeline_null,-313.2678803092139,-302.80985396112334,-10.458026348090584,7.398935501001125e-09,8.439147779605724e-09,0.0001279417235607588,1.0,AT_BOUND
936,phase63_full_pipeline_null,-318.30666652804257,-310.23096096020515,-8.075705567837417,5.287878138607883e-09,5.145594249081912e-09,0.0003163459167507492,2.25,OK
937,phase63_full_pipeline_null,-307.2184769475355,-298.733628462687,-8.484848484848499,1.1074328655626226e-08,1.1074328655626223e-08,2.8336405272775124e-24,7.0,SURROUND_POORLY_IDENTIFIED
938,phase63_full_pipeline_null,-308.22570685345676,-288.4901239130794,-19.735582940377355,1.0355119506185227e-08,2.192286156480039e-08,0.00019371172671434628,1.0,AT_BOUND
939,phase63_full_pipeline_null,-303.7983009565848,-301.9383834999713,-1.8599174566135162,1.3910464920119355e-08,8.943968193940524e-09,0.0008288042359400579,3.25,OK
940,phase63_full_pipeline_null,-302.07070445831454,-292.1154338492862,-9.955270609028332,1.5608482690882534e-08,1.7216060020917786e-08,0.0005090194087291797,7.0,SURROUND_POORLY_IDENTIFIED
941,phase63_full_pipeline_null,-301.044865222643,-292.5600167377945,-8.484848484848499,1.671328331077762e-08,1.6713283310777616e-08,3.0051940174320324e-24,6.75,SURROUND_POORLY_IDENTIFIED
942,phase63_full_pipeline_null,-299.6392319042801,-296.9255726340625,-2.7136592702175903,1.8355196069645515e-08,1.2492978310717263e-08,6.830046184423899e-05,2.75,AT_BOUND
943,phase63_full_pipeline_null,-368.2686196078681,-359.79571937070176,-8.472900237166357,1.8911881425295092e-10,1.8896823167190942e-10,2.1827954566266614e-06,1.5,OK
944,phase63_full_pipeline_null,-309.82491269406654,-302.0062441565577,-7.818668537508813,9.30793547297528e-09,8.903596680435869e-09,0.0002115698458326942,2.25,OK
945,phase63_full_pipeline_null,-307.3724850245983,-298.29245789650935,-9.080027128088943,1.0961207961963332e-08,1.1404876957066994e-08,5.965141901592268e-21,7.0,SURROUND_POORLY_IDENTIFIED
946,phase63_full_pipeline_null,-337.95695054972066,-329.95887614173927,-7.998074407981392,1.426748562090712e-09,1.3811914793406715e-09,2.7074009858456474e-05,1.0,AT_BOUND
947,phase63_full_pipeline_null,-311.21400159110436,-332.1057205377924,20.89171894668806,8.48467323056606e-09,1.1970061420328451e-09,0.00031307424406916634,1.75,OK
948,phase63_full_pipeline_null,-314.89534935162976,-317.9385469101084,3.043197558478653,6.638182475735616e-09,3.078066990875837e-09,5.3001587986275665e-05,2.5,AT_BOUND
949,phase63_full_pipeline_null,-320.25456837045834,-301.96695057709104,-18.287617793367303,4.643911164509931e-09,8.926950868315613e-09,0.00015293063657972894,1.0,AT_BOUND
950,phase63_full_pipeline_null,-321.27071664064835,-312.7858681557997,-8.48484848484867,4.33973686700041e-09,4.339736867000476e-09,6.342766353719486e-05,2.25,AT_BOUND
951,phase63_full_pipeline_null,-331.05072545998104,-322.56587697512,-8.484848484861061,2.261013419752006e-09,2.261013419753904e-09,3.4655749167689456e-17,7.0,SURROUND_POORLY_IDENTIFIED
952,phase63_full_pipeline_null,-302.9500823873182,-299.8228479097353,-3.127234477582931,1.47197382827698e-08,1.02986731473152e-08,0.0009646856712453987,7.0,SURROUND_POORLY_IDENTIFIED
953,phase63_full_pipeline_null,-295.57792275521115,-307.8740711178059,12.29614836259475,2.406278947839662e-08,6.021081247529627e-09,0.0007086287600850108,3.25,OK
954,phase63_full_pipeline_null,-316.34346843925226,-307.85861995440376,-8.484848484848499,6.027286623671186e-09,6.027286623671188e-09,2.678996877679523e-23,4.75,SURROUND_POORLY_IDENTIFIED
955,phase63_full_pipeline_null,-307.76508183209125,-297.2409043771676,-10.524177454923631,1.0678040794059953e-08,1.2233090733250502e-08,0.00017014346178303291,1.0,AT_BOUND
956,phase63_full_pipeline_null,-299.3017822640117,-290.82051107279307,-8.481271191218639,1.8772806156967682e-08,1.876832963479138e-08,9.857992990807557e-05,4.25,AT_BOUND
957,phase63_full_pipeline_null,-297.35359611822787,-288.86874763337937,-8.484848484848499,2.1376419416012156e-08,2.1376419416012192e-08,1.0261427582634e-17,5.5,SURROUND_POORLY_IDENTIFIED
958,phase63_full_pipeline_null,-284.28849587708794,-275.80364739223944,-8.484848484848499,5.107499796131714e-08,5.107499796131714e-08,8.306898621041294e-23,5.75,SURROUND_POORLY_IDENTIFIED
959,phase63_full_pipeline_null,-315.9634333154345,-307.47858483057746,-8.484848484857025,6.181942885931262e-09,6.1819428859347734e-09,9.075714588244904e-18,5.0,SURROUND_POORLY_IDENTIFIED
960,phase63_full_pipeline_null,-289.1789424718068,-275.04028389615837,-14.138658575648435,3.6865100876246225e-08,5.374152609469884e-08,2.746401192389441e-22,4.75,SURROUND_POORLY_IDENTIFIED
961,phase63_full_pipeline_null,-299.8736244435537,-291.38877595870514,-8.484848484848555,1.8070604001404857e-08,1.8070604001404906e-08,1.0763384739469795e-18,1.0,SURROUND_POORLY_IDENTIFIED
962,phase63_full_pipeline_null,-302.03199199071867,-293.8658100736711,-8.166181917047538,1.564881757595154e-08,1.531987372869357e-08,6.60918870922437e-05,1.0,AT_BOUND
963,phase63_full_pipeline_null,-318.00901378185114,-311.5310336406917,-6.477980141159435,5.393856246887966e-09,4.718398074008587e-09,5.415121178120007e-05,1.0,AT_BOUND
964,phase63_full_pipeline_null,-310.7082430312017,-302.29827524944733,-8.409967781754347,8.775630545850348e-09,8.731931351788908e-09,1.815360799073467e-05,1.75,OK
965,phase63_full_pipeline_null,-301.0109872141766,-297.6257129370077,-3.3852742771689464,1.6751073486810775e-08,1.192325543289702e-08,0.0004955829678458339,1.5,OK
966,phase63_full_pipeline_null,-308.42286672765493,-306.1814998582077,-2.2413668694472335,1.0219902494594845e-08,6.740303384109431e-09,0.000105792685550427,2.25,OK
967,phase63_full_pipeline_null,-328.3535012102481,-333.77457355653354,5.421072346285428,2.706423654291537e-09,1.0709720455187382e-09,0.0005867339526450656,7.0,SURROUND_POORLY_IDENTIFIED
968,phase63_full_pipeline_null,-315.5917657649672,-307.1069172801187,-8.484848484848499,6.33703150292049e-09,6.3370315029204894e-09,2.07463467078608e-22,4.75,SURROUND_POORLY_IDENTIFIED
969,phase63_full_pipeline_null,-336.3178976487704,-326.9497710853632,-9.368126563407202,1.591486230830273e-09,1.6880154031932717e-09,0.0002247234892937158,7.0,SURROUND_POORLY_IDENTIFIED
970,phase63_full_pipeline_null,-312.6765971534043,-309.96352701581344,-2.7130701375908757,7.69641792213291e-09,5.238157385745087e-09,0.00012141353708995595,1.0,AT_BOUND
971,phase63_full_pipeline_null,-335.6424325857387,-329.3121976942669,-6.330234891471775,1.6647905508121526e-09,1.4420394754685912e-09,0.0001993880690308437,7.0,SURROUND_POORLY_IDENTIFIED
972,phase63_full_pipeline_null,-317.91665058936076,-309.43180210450714,-8.484848484853615,5.4271716309851796e-09,5.427171630987031e-09,3.5777773657793173e-19,2.5,SURROUND_POORLY_IDENTIFIED
973,phase63_full_pipeline_null,-326.16787909697155,-318.3208204899858,-7.84705860698574,3.1309492065696235e-09,3.0006138796105038e-09,0.00016563550801104019,7.0,SURROUND_POORLY_IDENTIFIED
974,phase63_full_pipeline_null,-302.0843035325408,-294.0907865321543,-7.9935170003864755,1.5594338375859534e-08,1.5091814208941972e-08,0.00016610790741601727,1.75,OK
975,phase63_full_pipeline_null,-318.98624847758197,-310.7028760775003,-8.283372400081646,5.053654243037254e-09,4.986228713079392e-09,0.0001895821986758152,2.5,OK
976,phase63_full_pipeline_null,-326.5680528300641,-325.9321606633765,-0.6358921666875972,3.0485253155321794e-09,1.8065053191390204e-09,9.780464959848427e-05,1.25,AT_BOUND
977,phase63_full_pipeline_null,-309.7019470821747,-304.0028674873692,-5.699079594805482,9.384552819257804e-09,7.793944565603703e-09,3.9380966113627676e-05,1.75,AT_BOUND
978,phase63_full_pipeline_null,-309.47934044531115,-302.7667878950777,-6.712552550233454,9.524862287534957e-09,8.463411988114713e-09,0.0007574224910044619,2.5,OK
979,phase63_full_pipeline_null,-305.00382684121496,-292.24394240169886,-12.7598844395161,1.2836247907469472e-08,1.7069195965342113e-08,0.0007267718934223222,7.0,SURROUND_POORLY_IDENTIFIED
980,phase63_full_pipeline_null,-308.9865851006705,-309.6228562387664,0.6362711380959354,9.842953507378154e-09,5.358484420266961e-09,0.0023563988539347224,3.75,OK
981,phase63_full_pipeline_null,-330.2789374385992,-321.7940889524165,-8.484848486182727,2.380393150564932e-09,2.380393150776671e-09,8.208020022272209e-16,6.75,SURROUND_POORLY_IDENTIFIED
982,phase63_full_pipeline_null,-308.8094916470173,-293.2058337366322,-15.603657910385095,9.959850380640125e-09,1.6008972470937725e-08,0.00016092446949541608,1.0,AT_BOUND
983,phase63_full_pipeline_null,-304.7973571973239,-293.73124131603373,-11.066115881290159,1.3014155887393412e-08,1.5457930498678514e-08,4.5576837566095e-05,1.0,AT_BOUND
984,phase63_full_pipeline_null,-308.0356933427787,-295.0711716377681,-12.964521705010611,1.0487128028418507e-08,1.4136971874957599e-08,0.00012969274636436099,1.0,AT_BOUND
985,phase63_full_pipeline_null,-315.90651251681703,-307.42166403196853,-8.484848484848499,6.205446193700756e-09,6.205446193700756e-09,6.535554827575039e-26,6.5,SURROUND_POORLY_IDENTIFIED
986,phase63_full_pipeline_null,-317.87829601974516,-309.4301965292364,-8.448099490508753,5.441066509960538e-09,5.427752577582313e-09,8.656059008004133e-05,1.25,OK
987,phase63_full_pipeline_null,-317.66330275193235,-309.1784542670839,-8.484848484848442,5.519614251091978e-09,5.519614251091976e-09,0.00011398277920887012,2.0,AT_BOUND
988,phase63_full_pipeline_null,-317.69629528592907,-309.21144680108057,-8.484848484848499,5.507487188676444e-09,5.507487188676445e-09,1.1580113106246175e-21,4.25,SURROUND_POORLY_IDENTIFIED
989,phase63_full_pipeline_null,-317.8621269886784,-309.3772785038299,-8.484848484848499,5.446934790435013e-09,5.4469347904350134e-09,6.283806770229786e-21,6.75,SURROUND_POORLY_IDENTIFIED
990,phase63_full_pipeline_null,-295.6331469588174,-287.1482984626106,-8.48484849620678,2.397436246296105e-08,2.3974362481114975e-08,2.5795599326449262e-11,4.25,SURROUND_POORLY_IDENTIFIED
991,phase63_full_pipeline_null,-317.77708991817474,-315.17552714850916,-2.601562769665577,5.477901911124752e-09,3.7006301539861337e-09,0.000406996853422757,2.5,OK
992,phase63_full_pipeline_null,-303.83301168450646,-286.6864457820551,-17.146565902451357,1.3878312644555998e-08,2.4724019194158725e-08,0.00010010657689069173,1.0,AT_BOUND
993,phase63_full_pipeline_null,-320.9307905574887,-312.4459420725392,-8.48484848494951,4.439205661753107e-09,4.439205661783014e-09,1.2111202845848546e-16,5.0,SURROUND_POORLY_IDENTIFIED
994,phase63_full_pipeline_null,-307.484529983992,-299.0835583430018,-8.400971640990178,1.0879636457040769e-08,1.0818969595392057e-08,0.00011300512387813324,7.0,SURROUND_POORLY_IDENTIFIED
995,phase63_full_pipeline_null,-325.0789945200044,-326.1195147910154,1.040520271010962,3.3666848110783093e-09,1.7840818994540607e-09,0.0002054258195907636,1.25,OK
996,phase63_full_pipeline_null,-301.88987046676345,-293.40502198191496,-8.484848484848499,1.579779112655904e-08,1.579779112655904e-08,2.280298335794385e-05,1.25,AT_BOUND
997,phase63_full_pipeline_null,-318.3332067105828,-315.09862408413716,-3.234582626445615,5.278530327397157e-09,3.7196515256439627e-09,0.0005728336830076351,7.0,SURROUND_POORLY_IDENTIFIED
998,phase63_full_pipeline_null,-307.4658236073162,-298.9809751224677,-8.484848484848499,1.0893212825947596e-08,1.0893212825947597e-08,0.0001359274516476949,1.5,AT_BOUND
999,phase63_full_pipeline_null,-306.7530752779621,-313.90682378853484,7.153748510572711,1.142331536267192e-08,4.027248309116148e-09,0.001247736245530175,7.0,SURROUND_POORLY_IDENTIFIED
observed,observed,-279.46413537839254,-270.9792868821866,-8.484848496205927,7.045111986025277e-08,7.045111991359557e-08,2.4909679147062525e-13,6.25,SURROUND_POORLY_IDENTIFIED
